Country Name,1960,1961,1962,1963,1964,1965,1966,1967,1968,1969,1970,1971,1972,1973,1974,1975,1976,1977,1978,1979,1980,1981,1982,1983,1984,1985,1986,1987,1988,1989,1990,1991,1992,1993,1994,1995,1996,1997,1998,1999,2000,2001,2002,2003,2004,2005,2006,2007,2008,2009,2010,2011,2012,2013,2014,2015,2016,2017,2018,2019,2020,2021
Aruba,,,,,,,,,,,,,,,,,,,,,,,,,,,,,,,,,,,,,,,,,,,,,,,,,,,,,,,,,,,,,,
Africa Eastern and Southern,,,,,,,,,,,,,,,,,,,,,,,,,,,,,,,320589.9967,321170.0032,326880.0017,330319.9968,339339.9976,347470.0012,351490.0021,359480.0059,377549.9947,380660.0016,380559.9972,382970.0007,403830.0037,416979.9973,425989.9994,443059.9972,442300.0018,468919.9985,486810.001,487679.9963,503890.0062,508730.0029,494579.9962,496859.996,501330.0011,509910.0008,515159.9966,518240.0045,519999.9982,525299.9978,,
Afghanistan,,,,,,,,,,,,,,,,,,,,,,,,,,,,,,,6739.999771,7019.999981,7130.000114,7210.000038,7469.99979,7829.999924,8670.000076,9399.999619,9960.000038,10779.99973,9560.00042,8350.000381,10199.99981,10510.00023,10500,10729.99954,11180.00031,11609.99966,12899.99962,13390.00034,15199.99981,15500,15630.00011,15819.99969,16299.99924,15960.00004,15829.99992,15609.99966,15909.99985,16370.00084,,
Africa Western and Central,,,,,,,,,,,,,,,,,,,,,,,,,,,,,,,225170,244579.9972,253969.9994,259030.0042,264790.0005,263709.9996,269409.9948,266670.0027,262830.0003,255049.9974,261660.0039,261809.9992,257370.0026,273290.0009,279449.9964,289689.9984,288469.9993,286409.9998,287830.0029,284060.0029,300400.0024,308019.9983,310789.9959,315619.9996,323400.0052,330440.0021,343199.9995,349769.998,359360.009,366629.9982,,
Angola,,,,,,,,,,,,,,,,,,,,,,,,,,,,,,,21219.99931,21489.99977,21950.00076,22579.99992,23479.99954,25229.99954,25389.99939,25690.00053,27889.99939,27090.00015,27079.99992,27090.00015,28610.00061,30729.99954,31620.00084,33099.99847,32590.00015,35330.00183,36400.00153,35529.99878,36900.00153,36639.99939,35770.00046,35759.99832,34900.00153,37110.00061,37430.00031,37619.99893,34000,35090.00015,,
Albania,,,,,,,,,,,,,,,,,,,,,,,,,,,,,,,3539.999962,3500,3410.000086,3490.00001,4079.999924,4079.999924,3910.000086,3700.000048,3559.999943,3609.999895,3670.000076,3609.999895,3559.999943,3569.999933,3500,3490.00001,3440.000057,3299.999952,3130.000114,3019.999981,3029.999971,3019.999981,3059.999943,3059.999943,3089.999914,3109.999895,3089.999914,3049.999952,3009.99999,2849.999905,,
Andorra,,,,,,,,,,,,,,,,,,,,,,,,,,,,,,,19.99999955,19.99999955,19.99999955,29.99999933,29.99999933,29.99999933,29.99999933,29.99999933,29.99999933,29.99999933,29.99999933,29.99999933,39.99999911,39.99999911,39.99999911,39.99999911,39.99999911,50.00000075,50.00000075,50.00000075,50.00000075,50.00000075,50.00000075,50.00000075,50.00000075,50.00000075,50.00000075,50.00000075,50.00000075,50.00000075,,
Arab World,,,,,,,,,,,,,,,,,,,,,,,,,,,,,,,407350,394510.0027,409310.0029,435069.9973,457850.0009,473229.9997,484769.9934,506850.0012,530690.0029,541429.9922,565070.0068,555349.9985,552449.9977,569779.9948,589839.9985,610509.9941,621190.0008,625570.0102,640569.9871,628789.9988,647359.9962,629389.9976,684220.0056,669139.9928,660750.002,671169.9964,696080.0005,715760.0003,733430.0073,747469.9945,,
United Arab Emirates,,,,,,,,,,,,,,,,,,,,,,,,,,,,,,,16459.99908,17870.00084,17809.99947,18280.00069,19670.00008,20370.00084,21290.00092,21520.00046,21469.99931,20969.99931,22000,23520.00046,23719.99931,26969.99931,28540.00092,30889.99939,32700.00076,33439.99863,34840.00015,34069.99969,35720.00122,38360.00061,40310.00137,42439.99863,42869.99893,45709.99908,47360.00061,46900.00153,47459.99908,49799.99924,,
Argentina,,,,,,,,,,,,,,,,,,,,,,,,,,,,,,,109580.0018,108709.9991,110650.0015,109540.0009,110489.9979,111970.0012,110720.0012,111150.0015,110139.9994,114050.0031,115919.9982,116089.9963,119339.9963,126970.0012,128809.9976,128270.0043,130539.9933,130809.9976,130190.0024,124010.0021,115949.9969,115250,118709.9991,120360.0006,121540.0009,122010.0021,123599.9985,127550.0031,127540.0009,128800.0031,,
Armenia,,,,,,,,,,,,,,,,,,,,,,,,,,,,,,,3650.000095,3450.000048,3160.000086,2900.000095,2730.000019,2569.999933,2410.000086,2259.99999,2059.999943,1909.999967,1799.999952,1850.000024,1899.999976,1950.000048,2009.99999,2049.999952,2089.999914,2170.000076,2210.000038,2170.000076,2200.000048,2210.000038,2269.999981,2359.999895,2410.000086,2470.000029,2490.00001,2430.000067,2349.999905,2319.999933,,
American Samoa,,,,,,,,,,,,,,,,,,,,,,,,,,,,,,,,,,,,,,,,,,,,,,,,,,,,,,,,,,,,,,
Antigua and Barbuda,,,,,,,,,,,,,,,,,,,,,,,,,,,,,,,129.9999952,129.9999952,140.0000006,140.0000006,150.000006,150.000006,159.9999964,159.9999964,170.0000018,170.0000018,180.0000072,180.0000072,180.0000072,189.9999976,189.9999976,189.9999976,189.9999976,200.000003,200.000003,200.000003,189.9999976,189.9999976,189.9999976,189.9999976,189.9999976,200.000003,200.000003,200.000003,200.000003,200.000003,,
Australia,,,,,,,,,,,,,,,,,,,,,,,,,,,,,,,138830.0018,138669.9982,136660.0037,135220.0012,136210.0067,134809.9976,127370.0027,127809.9976,131110.0006,145850.0061,156050.0031,166110.0006,159490.0055,119970.0012,140380.0049,121080.0018,139660.0037,136690.0024,120489.9979,124269.9966,114900.0015,164059.9976,162619.9951,125680.0003,137669.9982,134160.0037,118379.9973,141300.0031,140600.0061,126069.9997,,
Austria,,,,,,,,,,,,,,,,,,,,,,,,,,,,,,,11850.00038,11850.00038,11649.99962,11329.99992,10930.00031,10439.99958,10270.00046,9949.999809,9670.000076,9539.999962,9279.999733,9170.000076,9050.000191,8899.999619,8810.00042,8619.999886,8489.999771,8329.999924,8250,8069.999695,8109.999657,7920.000076,7769.999981,7630.000114,7440.000057,7389.999866,7309.999943,7269.999981,7039.999962,6920.000076,,
Azerbaijan,,,,,,,,,,,,,,,,,,,,,,,,,,,,,,,19219.99931,18180.00031,16049.99924,11220.00027,6559.999943,6679.999828,6469.99979,6559.999943,6900.000095,7440.000057,7559.999943,8090.000153,8220.000267,8399.999619,8619.999886,9590.000153,10829.99992,12239.99977,13550.00019,13939.99958,14020.00046,13750,14010.00023,14319.99969,14270.00046,14229.99954,14130.00011,13869.99989,14220.00027,14670.00008,,
Burundi,,,,,,,,,,,,,,,,,,,,,,,,,,,,,,,600.0000238,610.0000143,620.0000048,600.0000238,540.0000215,550.0000119,550.0000119,569.9999928,500,509.9999905,519.9999809,540.0000215,519.9999809,540.0000215,569.9999928,600.0000238,660.0000262,699.9999881,750,829.9999833,930.0000072,1009.99999,1009.99999,1210.000038,1169.999957,1159.999967,1320.000052,1610.000014,1610.000014,1350.000024,,
Belgium,,,,,,,,,,,,,,,,,,,,,,,,,,,,,,,13260.00023,13350.00038,13159.99985,12970.00027,13010.00023,13130.00011,13010.00023,12819.99969,12550.00019,12609.99966,12140.00034,11630.00011,11079.99992,10399.99962,10260.00023,9989.999771,9829.999924,9649.999619,9449.999809,9359.999657,9239.999771,8989.999771,8829.999924,8609.999657,8539.999962,8529.999733,8449.999809,8170.000076,8189.99958,8079.999924,,
Benin,,,,,,,,,,,,,,,,,,,,,,,,,,,,,,,2220.000029,2309.999943,2359.999895,2369.999886,2529.999971,2359.999895,2720.000029,2799.999952,2930.000067,2839.999914,3079.999924,2660.000086,2920.000076,2849.999905,2809.999943,3180.000067,3069.999933,3160.000086,3069.999933,3150.000095,3119.999886,3240.00001,3299.999952,3509.99999,3470.000029,3529.999971,3690.000057,3720.000029,3819.999933,3910.000086,,
Burkina Faso,,,,,,,,,,,,,,,,,,,,,,,,,,,,,,,6750,6960.000038,7150.000095,7289.999962,7469.99979,7699.999809,7690.000057,7989.999771,8050.000191,8060.00042,8630.000114,8380.000114,8710.000038,10750,11079.99992,11399.99962,11329.99992,11609.99966,12010.00023,12439.99958,13039.99996,13300.00019,13369.99989,13760.00023,14060.00042,14260.00023,15029.99973,15260.00023,15430.00031,15850.00038,,
Bangladesh,,,,,,,,,,,,,,,,,,,,,,,,,,,,,,,66260.00214,66360.00061,67180.00031,67500,68470.00122,69339.99634,69050.00305,69589.99634,69269.99664,71379.99725,72139.99939,72489.99786,73959.99908,75099.99847,75110.00061,77029.99878,78510.00214,79529.99878,82470.00122,83870.00275,85580.00183,86279.99878,87000,88000,88739.99786,89830.00183,89900.00153,92430.00031,92050.00305,92650.00153,,
Bulgaria,,,,,,,,,,,,,,,,,,,,,,,,,,,,,,,16370.00084,15350.00038,14810.00042,13510.00023,11720.00027,12010.00023,12060.00042,11569.99969,11060.00042,10649.99962,10579.99992,9970.000267,9439.99958,9840.000153,9329.999924,8909.999847,8520.000458,8590.000153,8319.999695,7969.99979,7809.999943,8069.999695,7780.00021,7519.999981,7500,7420.000076,7130.000114,7099.999905,6960.000038,6840.000153,,
Bahrain,,,,,,,,,,,,,,,,,,,,,,,,,,,,,,,4820.000172,4820.000172,5070.000172,5250,5389.999866,5889.999866,6429.999828,7079.999924,7670.000076,8220.000267,8770.000458,9090.000153,9420.000076,9739.999771,9979.999542,10479.99954,11090.00015,11699.99981,12350.00038,12859.99966,13479.99954,13899.99962,14140.00034,15029.99973,15479.99954,15800.00019,16239.99977,16610.00061,16899.99962,17409.99985,,
"Bahamas, The",,,,,,,,,,,,,,,,,,,,,,,,,,,,,,,150.000006,150.000006,150.000006,150.000006,150.000006,159.9999964,159.9999964,159.9999964,170.0000018,170.0000018,170.0000018,170.0000018,170.0000018,170.0000018,189.9999976,180.0000072,180.0000072,189.9999976,200.000003,189.9999976,189.9999976,200.000003,200.000003,209.9999934,200.000003,209.9999934,209.9999934,219.9999988,209.9999934,219.9999988,,
Bosnia and Herzegovina,,,,,,,,,,,,,,,,,,,,,,,,,,,,,,,5170.000076,5099.999905,3339.999914,2559.999943,2500,2279.999971,2519.999981,2960.000038,3240.00001,3380.000114,3529.999971,3509.99999,2890.000105,3119.999886,3309.999943,3410.000086,3609.999895,3789.999962,3880.000114,3990.00001,3799.999952,3880.000114,3799.999952,3799.999952,3549.999952,3599.999905,3579.999924,3519.999981,3700.000048,3660.000086,,
Belarus,,,,,,,,,,,,,,,,,,,,,,,,,,,,,,,20530.00069,20110.00061,18000,17090.00015,16239.99977,15420.00008,15159.99985,14949.99981,14880.00011,14720.00027,14329.99992,14090.00015,13890.00034,13960.00004,14390.00034,14149.99962,14550.00019,14949.99981,15770.00046,15829.99992,16299.99924,15979.99954,16250,16920.00008,16989.99977,17229.99954,16809.99947,17010.00023,17030.00069,17020.00046,,
Belize,,,,,,,,,,,,,,,,,,,,,,,,,,,,,,,6110.000134,6219.99979,6360.000134,6469.99979,6590.000153,5500,4440.000057,3380.000114,2319.999933,1259.99999,180.0000072,209.9999934,230.0000042,250,250,259.9999905,319.9999928,370.0000048,419.9999869,469.9999988,519.9999809,529.9999714,500,519.9999809,469.9999988,460.0000083,479.9999893,500,509.9999905,529.9999714,,
Bermuda,,,,,,,,,,,,,,,,,,,,,,,,,,,,,,,,,,,,,,,,,,,,,,,,,,,,,,,,,,,,,,
Bolivia,,,,,,,,,,,,,,,,,,,,,,,,,,,,,,,15789.99996,16329.99992,16750,16260.00023,16010.00023,15399.99962,15539.99996,16520.00046,16600.00038,17139.99939,17440.00053,17530.00069,19079.99992,19360.00061,21110.00061,22370.00084,22489.99977,23040.00092,23450.00076,23360.00061,25659.99985,25569.99969,26510.00023,27510.00023,27489.99977,27940.00053,28409.99985,28229.99954,27879.99916,28360.00061,,
Brazil,,,,,,,,,,,,,,,,,,,,,,,,,,,,,,,282299.9878,291440.0024,296790.0085,297869.9951,304200.0122,310160.0037,299720.0012,306559.9976,314570.0073,319540.0085,327109.9854,340000,358970.0012,375100.0061,391809.9976,399339.9963,396350.0061,397070.0073,396510.0098,399910.0037,419390.0146,418760.0098,421010.0098,418519.989,424290.0085,430369.9951,432380.0049,430140.0146,424649.9939,431070.0073,,
Barbados,,,,,,,,,,,,,,,,,,,,,,,,,,,,,,,2069.999933,2109.999895,2150.000095,2180.000067,2220.000029,2230.000019,2240.00001,2250,2259.99999,2269.999981,2279.999971,2269.999981,2269.999981,2269.999981,2269.999981,2269.999981,2269.999981,2269.999981,2279.999971,2289.999962,2289.999962,2299.999952,2309.999943,2309.999943,2319.999933,2319.999933,2329.999924,2339.999914,2339.999914,2349.999905,,
Brunei Darussalam,,,,,,,,,,,,,,,,,,,,,,,,,,,,,,,1320.000052,1409.999967,1490.00001,1570.000052,1529.999971,1559.999943,1529.999971,1549.999952,1470.000029,1629.999995,1730.000019,1669.999957,1769.999981,1879.999995,1879.999995,1840.000033,2039.999962,1919.999957,2000,1799.999952,1799.999952,1860.000014,1820.000052,1659.999967,1659.999967,1570.000052,1570.000052,1639.999986,1620.000005,1590.000033,,
Bhutan,,,,,,,,,,,,,,,,,,,,,,,,,,,,,,,560.0000024,569.9999928,540.0000215,540.0000215,540.0000215,589.9999738,569.9999928,569.9999928,560.0000024,589.9999738,560.0000024,509.9999905,509.9999905,509.9999905,509.9999905,579.9999833,569.9999928,579.9999833,509.9999905,540.0000215,540.0000215,540.0000215,529.9999714,540.0000215,509.9999905,490.0000095,490.0000095,500,479.9999893,469.9999988,,
Botswana,,,,,,,,,,,,,,,,,,,,,,,,,,,,,,,5630.000114,5300.000191,5099.999905,4920.000076,5170.000076,5650.000095,6260.000229,5989.999771,5530.00021,5500,5309.999943,6269.999981,6260.000229,2900.000095,3150.000095,3700.000048,4670.000076,3720.000029,7880.000114,3630.000114,9060.00042,11140.00034,5190.000057,4619.999886,3130.000114,2890.000105,2470.000029,3839.999914,2789.999962,2019.999981,,
Central African Republic,,,,,,,,,,,,,,,,,,,,,,,,,,,,,,,8680.000305,8880.000114,8899.999619,8920.000076,9000,9079.999924,10060.00042,10159.99985,11130.00011,10029.99973,11460.00004,9649.999619,8590.000153,11060.00042,9829.999924,10359.99966,10449.99981,10689.99958,11239.99977,9090.000153,10130.00011,10840.00015,9470.000267,10090.00015,9880.000114,10050.00019,10949.99981,10239.99977,10529.99973,9510.000229,,
Canada,,,,,,,,,,,,,,,,,,,,,,,,,,,,,,,68970.00122,70230.00336,72709.99908,74300.00305,76010.00214,79019.99664,81019.99664,82180.00031,84599.99847,84000,84629.99725,85720.00122,87330.00183,87910.00366,90430.00031,91309.99756,93160.00366,91980.00336,88220.00122,85129.99725,85559.99756,86580.00183,87010.00214,89809.99756,91930.00031,92209.99908,94449.99695,98660.00366,101730.0034,101699.9969,,
Central Europe and the Baltics,,,,,,,,,,,,,,,,,,,,,,,,,,,,,,,155060.0016,147229.9986,139560.0009,131479.9967,124040.0014,120540.0012,119810.0008,117760.0001,113650.0005,110459.9988,107050.0002,104330.0002,103009.9986,103940.0028,102129.999,102009.9999,101930.0007,101020.0013,100250.001,98199.99731,98430.00162,95339.99956,94230.00038,92789.99984,91500.00048,91099.99931,89500.00036,89720.00086,88659.99997,87979.9999,,
Switzerland,,,,,,,,,,,,,,,,,,,,,,,,,,,,,,,6440.000057,6349.999905,6269.999981,6239.999771,6199.999809,6139.999866,6139.999866,5929.999828,5869.999886,5739.999771,5679.999828,5730.000019,5690.000057,5599.999905,5519.999981,5550.000191,5559.999943,5510.000229,5590.000153,5519.999981,5530.00021,5420.000076,5400.000095,5340.000153,5280.00021,5219.99979,5210.000038,5159.999847,5110.000134,5039.999962,,
Channel Islands,,,,,,,,,,,,,,,,,,,,,,,,,,,,,,,,,,,,,,,,,,,,,,,,,,,,,,,,,,,,,,
Chile,,,,,,,,,,,,,,,,,,,,,,,,,,,,,,,9970.000267,10140.00034,10409.99985,10750,11119.99989,11380.00011,11649.99962,12079.99992,12310.00042,12420.00008,12399.99962,12279.99973,12050.00019,11909.99985,11909.99985,11760.00023,11550.00019,11220.00027,11649.99962,11770.00046,12279.99973,12329.99992,12609.99966,11560.00042,10829.99992,10590.00015,10909.99985,11020.00046,11409.99985,11590.00015,,
China,,,,,,,,,,,,,,,,,,,,,,,,,,,,,,,765390.0146,775080.0171,780750,790099.9756,812510.0098,849859.9854,858020.0195,812960.022,814880.0049,809539.978,809200.0122,802530.0293,795520.0195,820520.0195,867140.0146,904989.9902,944229.9805,974729.9805,993609.9854,1023739.99,1072780.029,1121239.99,1122670.044,1147020.02,1161119.995,1159609.985,1120069.946,1131479.98,1158959.961,1176140.015,,
Cote d'Ivoire,,,,,,,,,,,,,,,,,,,,,,,,,,,,,,,4000,6550.000191,9130.000114,11520.00046,14119.99989,14460.00004,14630.00011,14970.00027,15189.99958,15520.00046,15840.00015,15340.00015,15060.00042,13989.99977,12750,12890.00034,12090.00015,11250,10239.99977,9250,8479.999542,7969.99979,7340.000153,7699.999809,7239.999771,7090.000153,7730.000019,7420.000076,7280.00021,7230.000019,,
Cameroon,,,,,,,,,,,,,,,,,,,,,,,,,,,,,,,10770.00046,14899.99962,14810.00042,13590.00015,12289.99996,12300.00019,12789.99996,13109.99966,13869.99989,14149.99962,15119.99989,14590.00015,14430.00031,15189.99958,14319.99969,15050.00019,14300.00019,14060.00042,13789.99996,13489.99977,13460.00004,13229.99954,13479.99954,14060.00042,14380.00011,15289.99996,15479.99954,15060.00042,15350.00038,15550.00019,,
"Congo, Dem. Rep.",,,,,,,,,,,,,,,,,,,,,,,,,,,,,,,21510.00023,21629.99916,21959.99908,23049.99924,24190.00053,24389.99939,22450.00076,22610.00061,23049.99924,22200.00076,22180.00031,23430.00031,26120.00084,28000,28940.00053,28989.99977,29579.99992,28670.00008,29739.99977,29870.00084,30680.00031,30370.00084,29569.99969,31010.00023,31870.00084,32869.99893,33479.99954,35330.00183,34250,34930.00031,,
"Congo, Rep.",,,,,,,,,,,,,,,,,,,,,,,,,,,,,,,4969.99979,4949.999809,5199.999809,5079.999924,4659.999847,5000,5110.000134,5570.000172,6380.000114,6710.000038,6789.999962,6550.000191,5579.999924,6039.999962,6409.999847,7460.000038,8350.000381,7019.999981,7219.99979,7769.999981,8670.000076,8430.000305,7920.000076,7409.999847,7130.000114,7119.999886,6920.000076,7460.000038,8869.999886,9260.000229,,
Colombia,,,,,,,,,,,,,,,,,,,,,,,,,,,,,,,56340.00015,56049.99924,57110.00061,58270.00046,59610.00061,61009.99832,61979.99954,61970.00122,63229.99954,61540.00092,61630.00107,62630.00107,62490.00168,63790.00092,64610.00061,65000,65339.99634,67059.99756,68160.00366,69220.00122,71849.99847,70540.00092,68879.99725,69610.00061,69660.00366,69620.00275,69599.99847,70989.99786,74120.00275,76839.99634,,
Comoros,,,,,,,,,,,,,,,,,,,,,,,,,,,,,,,150.000006,150.000006,159.9999964,159.9999964,159.9999964,159.9999964,170.0000018,170.0000018,170.0000018,170.0000018,150.000006,170.0000018,170.0000018,170.0000018,170.0000018,170.0000018,189.9999976,170.0000018,189.9999976,189.9999976,200.000003,219.9999988,219.9999988,230.0000042,239.9999946,239.9999946,250,250,259.9999905,270.0000107,,
Cabo Verde,,,,,,,,,,,,,,,,,,,,,,,,,,,,,,,79.99999821,79.99999821,90.00000358,90.00000358,79.99999821,90.00000358,79.99999821,79.99999821,79.99999821,79.99999821,79.99999821,79.99999821,79.99999821,79.99999821,90.00000358,90.00000358,90.00000358,90.00000358,90.00000358,90.00000358,100.0000015,90.00000358,90.00000358,90.00000358,90.00000358,90.00000358,100.0000015,90.00000358,90.00000358,90.00000358,,
Costa Rica,,,,,,,,,,,,,,,,,,,,,,,,,,,,,,,3980.000019,4030.00021,4070.000172,4150.000095,3920.000076,3660.000086,3670.000076,3680.000067,3799.999952,3779.999971,3799.999952,3730.000019,3660.000086,3609.999895,3569.999933,3700.000048,3700.000048,3890.000105,4039.999962,4099.999905,4159.999847,4260.000229,4210.000038,4289.999962,4300.000191,4340.000153,4519.999981,4579.999924,4630.000114,4690.000057,,
Caribbean small states,,,,,,,,,,,,,,,,,,,,,,,,,,,,,,,20369.99991,20839.99988,21110.00017,19649.99983,18340.00015,17209.99996,16460.00013,15220.00002,14130.00004,13519.99995,12559.99989,12979.99998,13280.00002,14599.99969,14790.00024,15199.99991,15999.99999,16269.99974,16520.00003,16790.00005,17149.99974,17259.99989,17319.99959,17550.00021,17629.9995,17230.00002,16130,16349.99986,16459.99986,16830,,
Cuba,,,,,,,,,,,,,,,,,,,,,,,,,,,,,,,12649.99962,12229.99954,12189.99958,11239.99977,11590.00015,11380.00011,12029.99973,11890.00034,11869.99989,11689.99958,11750,11600.00038,11770.00046,11960.00004,11460.00004,10760.00023,11159.99985,11250,11470.00027,12050.00019,11920.00008,12239.99977,12220.00027,12250,12239.99977,11750,11840.00015,11399.99962,11449.99981,11149.99962,,
Curacao,,,,,,,,,,,,,,,,,,,,,,,,,,,,,,,,,,,,,,,,,,,,,,,,,,,,,,,,,,,,,,
Cayman Islands,,,,,,,,,,,,,,,,,,,,,,,,,,,,,,,,,,,,,,,,,,,,,,,,,,,,,,,,,,,,,,
Cyprus,,,,,,,,,,,,,,,,,,,,,,,,,,,,,,,529.9999714,540.0000215,550.0000119,560.0000024,579.9999833,589.9999738,600.0000238,610.0000143,620.0000048,620.0000048,639.9999857,660.0000262,680.0000072,670.0000167,670.0000167,670.0000167,670.0000167,670.0000167,680.0000072,680.0000072,689.9999976,689.9999976,689.9999976,689.9999976,699.9999881,709.9999785,730.0000191,740.0000095,740.0000095,740.0000095,,
Czechia,,,,,,,,,,,,,,,,,,,,,,,,,,,,,,,23659.99985,22159.99985,20659.99985,19719.99931,18520.00046,17989.99977,17760.00023,17399.99962,16709.99908,15859.99966,14979.99954,14680.00031,14140.00034,14060.00042,13649.99962,14039.99996,14289.99996,13819.99969,13920.00008,13590.00015,13819.99969,13770.00046,13619.99989,12819.99969,12760.00023,12760.00023,12470.00027,12489.99977,12409.99985,12439.99958,,
Germany,,,,,,,,,,,,,,,,,,,,,,,,,,,,,,,100000,97150.00153,91699.99695,90180.00031,88709.99908,87709.99908,86480.00336,83489.99786,80010.00214,77779.99878,75199.99695,73489.99786,71230.00336,69059.99756,66410.00366,64790.00092,62930.00031,61369.99893,61000,59099.99847,58060.00137,56150.00153,55560.00137,55310.00137,53569.99969,52720.00122,51819.99969,51409.99985,49849.99847,48709.99908,,
Djibouti,,,,,,,,,,,,,,,,,,,,,,,,,,,,,,,439.9999976,449.9999881,449.9999881,460.0000083,479.9999893,509.9999905,540.0000215,550.0000119,560.0000024,579.9999833,589.9999738,600.0000238,600.0000238,600.0000238,610.0000143,610.0000143,610.0000143,610.0000143,620.0000048,620.0000048,620.0000048,629.9999952,629.9999952,639.9999857,639.9999857,649.9999762,649.9999762,649.9999762,649.9999762,660.0000262,,
Dominica,,,,,,,,,,,,,,,,,,,,,,,,,,,,,,,100.0000015,100.0000015,100.0000015,100.0000015,100.0000015,90.00000358,79.99999821,70.0000003,59.99999866,50.00000075,39.99999911,39.99999911,39.99999911,39.99999911,39.99999911,39.99999911,39.99999911,39.99999911,39.99999911,39.99999911,39.99999911,39.99999911,39.99999911,39.99999911,39.99999911,39.99999911,39.99999911,39.99999911,39.99999911,39.99999911,,
Denmark,,,,,,,,,,,,,,,,,,,,,,,,,,,,,,,9430.000305,9659.999847,9689.99958,9840.000153,9689.99958,9649.999619,9729.999542,9760.000229,9739.999771,9720.000267,9930.000305,10130.00011,9979.999542,9920.000076,9859.999657,9720.000267,9550.000191,9479.999542,9229.999542,8880.000114,9050.000191,8729.999542,8560.00042,8350.000381,8199.999809,8199.999809,8149.999619,8079.999924,7949.999809,7780.00021,,
Dominican Republic,,,,,,,,,,,,,,,,,,,,,,,,,,,,,,,5960.000038,6559.999943,6679.999828,7250,7550.000191,7320.000172,7210.000038,6989.999771,6809.999943,6409.999847,6269.999981,6599.999905,6809.999943,6730.000019,7230.000019,7039.999962,7139.999866,7840.000153,8039.999962,8319.999695,8470.000267,8560.00042,8590.000153,8649.999619,8710.000038,8739.999771,8840.000153,8960.000038,9140.000343,9310.00042,,
Algeria,,,,,,,,,,,,,,,,,,,,,,,,,,,,,,,52650.00153,53540.00092,54099.99847,57299.99924,58250,62450.00076,65639.99939,67330.00183,68730.00336,71319.99969,74620.00275,72279.99878,74169.99817,80489.99786,81180.00031,84279.99878,85660.00366,85190.00244,85529.99878,82330.00183,82790.00092,81290.00092,85690.00244,85510.00214,89290.00092,89629.99725,93000,92900.00153,94400.00153,92339.99634,,
East Asia & Pacific (excluding high income),,,,,,,,,,,,,,,,,,,,,,,,,,,,,,,1292740.009,1312420.025,1330640.011,1347949.984,1379870.008,1434329.996,1453780.018,1416310.024,1418620.013,1434109.98,1440990.016,1429730.036,1420370.015,1448060.03,1500660.028,1543259.992,1590379.964,1625759.991,1645839.996,1680470,1730270.03,1778919.981,1781710.042,1810710.026,1830560.009,1828579.963,1794659.948,1816419.986,1847659.968,1862750.042,,
Early-demographic dividend,,,,,,,,,,,,,,,,,,,,,,,,,,,,,,,2140189.99,2201230.036,2208830.012,2260259.983,2290240.017,2348270.032,2398059.982,2427029.98,2449599.97,2480389.975,2535130.027,2531539.975,2534680.021,2592190.003,2635639.986,2692630.009,2737729.969,2771269.999,2809430.018,2765529.978,2797249.99,2800840.023,2855789.962,2844060.022,2863669.989,2874469.991,2919070.033,2962090.011,2979019.993,2960800.027,,
East Asia & Pacific,,,,,,,,,,,,,,,,,,,,,,,,,,,,,,,1528850.013,1548270.022,1564870.014,1581039.982,1615400.018,1668599.996,1679930.021,1643000.02,1644970.012,1675229.987,1691680.018,1690420.034,1675080.018,1663390.031,1735290.036,1758349.993,1824509.967,1856379.991,1859199.995,1897569.998,1938350.033,2036029.98,2037920.035,2029320.024,2060710.005,2053339.964,2003119.947,2047499.989,2077499.973,2077260.042,,
Europe & Central Asia (excluding high income),,,,,,,,,,,,,,,,,,,,,,,,,,,,,,,1083880.012,1045599.992,964820.0048,934389.9952,882629.9749,850739.9715,828389.9718,786499.9917,775380.0095,785470.0131,803609.9944,809530.0201,827309.9921,865790.0271,873459.973,890850.012,893400.0001,906289.9983,915540.01,872260.0012,904499.9937,927580.025,929070.0186,936170.0194,936480.0072,938449.9918,954650.0192,975790.0258,1012229.995,1029869.991,,
Europe & Central Asia,,,,,,,,,,,,,,,,,,,,,,,,,,,,,,,1717730.017,1669959.995,1576360.001,1537429.991,1480489.98,1444559.972,1422569.969,1375189.993,1355370.009,1357230.01,1368249.99,1362740.02,1373029.99,1403290.023,1398649.973,1406810.014,1400739.995,1405819.998,1405940.005,1351689.994,1376459.998,1384140.024,1380640.022,1378750.021,1370690.005,1372639.993,1387010.021,1406330.025,1434879.993,1448459.988,,
Ecuador,,,,,,,,,,,,,,,,,,,,,,,,,,,,,,,17809.99947,18049.99924,19290.00092,20639.99939,21860.00061,22149.99962,22860.00061,23420.00008,22399.99962,22729.99954,21840.00015,23510.00023,23739.99977,24459.99908,26739.99977,26639.99939,27100.00038,26500,26760.00023,27180.00031,27690.00053,27870.00084,27819.99969,28270.00046,27829.99992,27049.99924,27309.99947,27149.99962,26549.99924,27170.00008,,
"Egypt, Arab Rep.",,,,,,,,,,,,,,,,,,,,,,,,,,,,,,,31309.99947,34540.00092,35740.00168,38639.99939,40490.00168,42509.99832,44419.99817,46259.99832,46270.00046,50259.99832,50860.00061,52009.99832,53919.99817,55009.99832,55509.99832,59169.99817,60939.99863,63150.00153,64849.99847,63569.99969,62709.99908,64930.00031,67260.00214,65769.99664,66610.00061,65540.00092,67959.99908,69790.00092,70550.00305,75129.99725,,
Euro area,,,,,,,,,,,,,,,,,,,,,,,,,,,,,,,379050.0007,375470.0032,369539.9958,364230.003,360640.0026,358919.999,358969.997,355719.9987,351539.9981,348429.9986,347989.9954,343269.999,339209.9964,334869.9926,328990.0004,323390,318789.9965,316590.0001,313669.9957,309709.9977,306690.0028,298580.0005,296330.0045,292710.0018,288029.9985,289250.0015,287320.0032,285609.9986,279469.9995,277109.9965,,
Eritrea,,,,,,,,,,,,,,,,,,,,,,,,,,,,,,,2460.000038,2480.000019,2700.000048,2309.999943,2369.999886,2410.000086,2700.000048,3059.999943,3140.000105,3230.000019,3269.999981,3089.999914,3079.999924,3170.000076,3180.000067,3240.00001,3140.000105,3349.999905,3380.000114,3390.000105,3309.999943,3460.000038,3480.000019,3519.999981,3539.999962,3569.999933,3609.999895,3630.000114,3650.000095,3680.000067,,
Spain,,,,,,,,,,,,,,,,,,,,,,,,,,,,,,,34069.99969,34139.99939,34599.99847,34200.00076,34619.99893,35000,35779.99878,37470.00122,37880.00107,38470.00122,39099.99847,39810.00137,40169.99817,40159.99985,39849.99847,39580.00183,39319.99969,40029.99878,38459.99908,40159.99985,38590.00015,38430.00031,37729.99954,37180.00031,37000,38580.00183,38700.00076,39080.00183,39099.99847,39279.99878,,
Estonia,,,,,,,,,,,,,,,,,,,,,,,,,,,,,,,2299.999952,2269.999981,2309.999943,2089.999914,1789.999962,1730.000019,1669.999957,1629.999995,1570.000052,1519.999981,1460.000038,1450.000048,1440.000057,1399.999976,1409.999967,1350.000024,1340.000033,1330.000043,1309.999943,1269.999981,1289.999962,1230.000019,1230.000019,1200.000048,1190.000057,1179.999948,1100.000024,1110.000014,1110.000014,1110.000014,,
Ethiopia,,,,,,,,,,,,,,,,,,,,,,,,,,,,,,,41509.99832,41880.00107,43000,39209.99908,39770.00046,40090.00015,41779.99878,43220.00122,46669.99817,46439.99863,44479.99954,46569.99969,52130.00107,51029.99878,51930.00031,54110.00061,57200.00076,62919.99817,65500,68250,71260.00214,70290.00092,72739.99786,74940.00244,77309.99756,78959.99908,81110.00061,82860.00061,83139.99939,84139.99939,,
European Union,,,,,,,,,,,,,,,,,,,,,,,,,,,,,,,528600.0028,517690.0011,504079.9967,493129.9998,484330.0034,479849.9998,479419.9968,474439.9992,466319.9988,460469.9976,457219.9956,450089.9996,444309.9949,440749.9953,433079.9991,427189.9997,422489.9973,419170.0005,414999.9959,409059.9955,406350.0043,394979.9996,391830.005,386390.0021,380509.9988,381120.0007,377540.0034,376049.9991,368739.9994,365379.9967,,
Fragile and conflict affected situations,,,,,,,,,,,,,,,,,,,,,,,,,,,,,,,685919.9904,683330.0013,698100.007,714240.0008,741250.0016,763890.0052,789589.9946,811989.9978,841609.9973,835359.9905,857640.0092,854409.991,849460.0035,855579.9972,894740.0025,922340.001,931989.9981,944519.9962,963569.9962,956099.9978,984429.9976,952089.9992,995179.9917,989559.9994,984320.0028,993779.9989,1006870.009,1021199.998,1027900.01,1024650.003,,
Finland,,,,,,,,,,,,,,,,,,,,,,,,,,,,,,,8550.000191,8460.000038,8399.999619,8369.999886,8300.000191,8079.999924,7969.99979,7860.000134,7619.999886,7420.000076,7090.000153,6929.999828,6679.999828,6440.000057,6210.000038,5920.000076,6010.000229,5820.000172,5699.999809,5579.999924,5679.999828,5480.000019,5469.99979,5340.000153,5210.000038,5130.000114,5019.999981,4900.000095,4750,4639.999866,,
Fiji,,,,,,,,,,,,,,,,,,,,,,,,,,,,,,,680.0000072,699.9999881,709.9999785,759.9999905,790.0000215,819.9999928,819.9999928,810.0000024,810.0000024,779.9999714,790.0000215,800.0000119,769.9999809,759.9999905,769.9999809,769.9999809,769.9999809,769.9999809,769.9999809,769.9999809,759.9999905,759.9999905,759.9999905,769.9999809,360.0000143,370.0000048,370.0000048,400.000006,409.9999964,449.9999881,,
France,,,,,,,,,,,,,,,,,,,,,,,,,,,,,,,70709.99908,70620.00275,70080.00183,70220.00122,70230.00336,70739.99786,71269.99664,70459.99908,70699.99695,70809.99756,73110.00061,73400.00153,72089.99634,70949.99695,70269.99664,69559.99756,68879.99725,69080.00183,69209.99908,68000,67930.00031,65519.99664,64940.00244,64849.99847,63689.99863,63110.00061,62200.00076,61299.99924,60560.00137,59659.99985,,
Faroe Islands,,,,,,,,,,,,,,,,,,,,,,,,,,,,,,,,,,,,,,,,,,,,,,,,,,,,,,,,,,,,,,
"Micronesia, Fed. Sts.",,,,,,,,,,,,,,,,,,,,,,,,,,,,,,,0,0,0,0,0,39.99999911,39.99999911,39.99999911,39.99999911,39.99999911,39.99999911,39.99999911,39.99999911,39.99999911,39.99999911,39.99999911,39.99999911,39.99999911,39.99999911,39.99999911,39.99999911,50.00000075,50.00000075,50.00000075,50.00000075,50.00000075,50.00000075,50.00000075,50.00000075,50.00000075,,
Gabon,,,,,,,,,,,,,,,,,,,,,,,,,,,,,,,5809.999943,6349.999905,6329.999924,6519.999981,7309.999943,7900.000095,8260.000229,8270.000458,8500,7809.999943,7269.999981,7210.000038,6820.000172,7480.000019,7320.000172,7090.000153,6409.999847,6170.000076,6420.000076,6199.999809,6429.999828,6320.000172,6059.999943,5900.000095,6039.999962,6210.000038,6190.000057,5699.999809,5380.000114,5869.999886,,
United Kingdom,,,,,,,,,,,,,,,,,,,,,,,,,,,,,,,109010.0021,109440.0024,109680.0003,110839.9963,112580.0018,113290.0009,114040.0009,113260.0021,112400.0015,109889.9994,106000,101110.0006,99010.00214,94860.00061,89860.00061,86260.00214,81989.99786,77779.99878,72459.99908,67199.99695,62340.00015,58799.99924,56779.99878,53139.99939,50759.99832,50110.00061,51599.99847,51340.00015,50779.99878,50110.00061,,
Georgia,,,,,,,,,,,,,,,,,,,,,,,,,,,,,,,13760.00023,12520.00046,10529.99973,9270.000458,8069.999695,7340.000153,7510.000229,7449.999809,7440.000057,7510.000229,7579.999924,6590.000153,6579.999924,6929.999828,6630.000114,6150.000095,6079.999924,5949.999809,5860.000134,5789.999962,5750,5699.999809,5769.999981,5820.000172,5809.999943,5510.000229,5480.000019,5389.999866,5269.999981,5190.000057,,
Ghana,,,,,,,,,,,,,,,,,,,,,,,,,,,,,,,5010.000229,5239.999771,5210.000038,5280.00021,5460.000038,5599.999905,5889.999866,6460.000038,7110.000134,6579.999924,7130.000114,6559.999943,6650.000095,7099.999905,6880.000114,7800.000191,7619.999886,7449.999809,7630.000114,7570.000172,7889.999866,8840.000153,8579.999924,9159.999847,9279.999733,9710.000038,9779.999733,10520.00046,10590.00015,10899.99962,,
Gibraltar,,,,,,,,,,,,,,,,,,,,,,,,,,,,,,,,,,,,,,,,,,,,,,,,,,,,,,,,,,,,,,
Guinea,,,,,,,,,,,,,,,,,,,,,,,,,,,,,,,4789.999962,5000,5219.99979,5449.999809,5719.99979,5980.000019,5750,5929.999828,6440.000057,6369.999886,6750,7110.000134,7710.000038,7829.999924,7900.000095,8659.999847,8859.999657,9100.000381,9420.000076,9770.000458,11569.99969,12270.00046,13039.99996,13329.99992,13640.00034,13819.99969,15079.99992,15260.00023,15390.00034,16250,,
"Gambia, The",,,,,,,,,,,,,,,,,,,,,,,,,,,,,,,3819.999933,3950.000048,4070.000172,4179.999828,3710.000038,3220.000029,2740.00001,2200.000048,1720.000029,1210.000038,740.0000095,689.9999976,680.0000072,740.0000095,810.0000024,839.9999738,870.0000048,870.0000048,990.0000095,1269.999981,1350.000024,1049.999952,1149.999976,1220.000029,1259.99999,1389.999986,1269.999981,1289.999962,1129.999995,1299.999952,,
Guinea-Bissau,,,,,,,,,,,,,,,,,,,,,,,,,,,,,,,740.0000095,750,769.9999809,779.9999714,800.0000119,819.9999928,779.9999714,759.9999905,769.9999809,829.9999833,839.9999738,970.0000286,990.0000095,990.0000095,949.9999881,939.9999976,1019.999981,1029.999971,1000,1070.000052,1120.000005,1100.000024,1200.000048,1200.000048,1139.999986,1210.000038,1220.000029,1230.000019,1279.999971,1289.999962,,
Equatorial Guinea,,,,,,,,,,,,,,,,,,,,,,,,,,,,,,,100.0000015,230.0000042,1159.999967,1269.999981,1360.000014,1470.000029,1710.000038,2769.999981,3619.999886,4000,4570.000172,5889.999866,5440.000057,6320.000172,7360.000134,7679.999828,7599.999905,7519.999981,7199.999809,6300.000191,6440.000057,5730.000019,5610.000134,5300.000191,8130.000114,7420.000076,6889.999866,6289.999962,6170.000076,5670.000076,,
Greece,,,,,,,,,,,,,,,,,,,,,,,,,,,,,,,10829.99992,10710.00004,10800.00019,10899.99962,11109.99966,11180.00031,11390.00034,11340.00015,11569.99969,11489.99977,11579.99992,10810.00042,10859.99966,10899.99962,11079.99992,11069.99969,11140.00034,11140.00034,11029.99973,10699.99981,10869.99989,10720.00027,10590.00015,10210.00004,10090.00015,9930.000305,9600.000381,9659.999847,9369.999886,9340.000153,,
Grenada,,,,,,,,,,,,,,,,,,,,,,,,,,,,,,,1720.000029,1730.000019,1750,1759.99999,1769.999981,1779.999971,1799.999952,1809.999943,1820.000052,1840.000033,1850.000024,1860.000014,1870.000005,1879.999995,1889.999986,1909.999967,1919.999957,1919.999957,1929.999948,1940.000057,1950.000048,1960.000038,1970.000029,1980.000019,1990.00001,2000,2009.99999,2019.999981,2029.999971,2039.999962,,
Greenland,,,,,,,,,,,,,,,,,,,,,,,,,,,,,,,,,,,,,,,,,,,,,,,,,,,,,,,,,,,,,,
Guatemala,,,,,,,,,,,,,,,,,,,,,,,,,,,,,,,4980.000019,5090.000153,5369.999886,5599.999905,5480.000019,5530.00021,5550.000191,5650.000095,5679.999828,6059.999943,6099.999905,6300.000191,6760.000229,6650.000095,6800.000191,7150.000095,7190.000057,7630.000114,7869.999886,8250,8529.999733,8569.999695,8750,8909.999847,9189.99958,9420.000076,9739.999771,9989.999771,10159.99985,10390.00034,,
Guam,,,,,,,,,,,,,,,,,,,,,,,,,,,,,,,,,,,,,,,,,,,,,,,,,,,,,,,,,,,,,,
Guyana,,,,,,,,,,,,,,,,,,,,,,,,,,,,,,,829.9999833,990.0000095,1049.999952,1179.999948,1159.999967,1360.000014,1360.000014,1399.999976,1299.999952,1399.999976,1200.000048,1250,1129.999995,1299.999952,1200.000048,1129.999995,1090.000033,1110.000014,1210.000038,1250,1299.999952,1360.000014,1399.999976,1539.999962,1679.999948,1740.00001,1429.999948,1580.000043,1539.999962,1809.999943,,
High income,,,,,,,,,,,,,,,,,,,,,,,,,,,,,,,1743330.033,1749419.988,1751379.977,1741370.016,1753060.043,1751699.996,1748619.975,1742420.002,1724309.978,1714880.026,1723129.972,1716429.999,1696610.021,1665729.979,1680699.977,1664759.996,1683879.989,1675849.986,1663039.978,1633779.984,1643859.995,1700440.006,1714629.968,1678219.977,1707709.963,1709899.992,1685349.976,1723150.02,1763770.034,1780370.002,,
"Hong Kong SAR, China",,,,,,,,,,,,,,,,,,,,,,,,,,,,,,,,,,,,,,,,,,,,,,,,,,,,,,,,,,,,,,
Honduras,,,,,,,,,,,,,,,,,,,,,,,,,,,,,,,7019.999981,7070.000172,7099.999905,6769.999981,7150.000095,6989.999771,6679.999828,6340.000153,5889.999866,5119.999886,4969.99979,5119.999886,5530.00021,6239.999771,6219.99979,6489.999771,6409.999847,6519.999981,6659.999847,6929.999828,7019.999981,7130.000114,7179.999828,7309.999943,7440.000057,7469.99979,7570.000172,7420.000076,7670.000076,7670.000076,,
Heavily indebted poor countries (HIPC),,,,,,,,,,,,,,,,,,,,,,,,,,,,,,,312109.9985,325359.9986,334860.0007,339450.0002,347409.9984,353209.9971,359010.0011,368420.0025,386249.998,390099.9985,396090.0013,395280.0013,416670.0013,431819.9983,438900.0036,460140.0017,460920.0002,471779.9997,486179.9994,491240.0007,510770.0026,519899.9972,529949.9966,544329.9999,553910.0028,567949.9963,580959.9958,586660.0057,598690.0027,608370.0036,,
Croatia,,,,,,,,,,,,,,,,,,,,,,,,,,,,,,,4050.000191,3980.000019,3710.000038,3670.000076,3529.999971,3440.000057,3380.000114,3359.999895,3329.999924,3369.999886,3299.999952,3380.000114,3400.000095,3509.99999,3650.000095,3630.000114,3750,3789.999962,3759.99999,3819.999933,3799.999952,3809.999943,3750,3650.000095,3640.000105,3740.00001,3750,3769.999981,3670.000076,3680.000067,,
Haiti,,,,,,,,,,,,,,,,,,,,,,,,,,,,,,,3329.999924,3500,3880.000114,3769.999981,3769.999981,3819.999933,3880.000114,4030.00021,4079.999924,4139.999866,4389.999866,4429.999828,4480.000019,4530.00021,4550.000191,4599.999905,4619.999886,4690.000057,4719.99979,4780.00021,4829.999924,4889.999866,4929.999828,4960.000038,4980.000019,5050.000191,5179.999828,5219.99979,5239.999771,5280.00021,,
Hungary,,,,,,,,,,,,,,,,,,,,,,,,,,,,,,,11640.00034,11569.99969,10430.00031,9859.999657,9420.000076,8800.000191,8970.000267,8850.000381,8710.000038,8779.999733,8770.000458,8659.999847,8729.999542,8869.999886,8449.999809,8380.000114,8250,8140.000343,8039.999962,8020.000458,7980.000019,7800.000191,7659.999847,7480.000019,7309.999943,7239.999771,7230.000019,7159.999847,7059.999943,7000,,
IBRD only,,,,,,,,,,,,,,,,,,,,,,,,,,,,,,,4079030.002,4063910.049,4019480.025,4042539.953,4058250.012,4125069.995,4148119.985,4116049.988,4146129.998,4181209.982,4241940.025,4245420.019,4256670.037,4371340.056,4502949.968,4609390.019,4679979.946,4756709.983,4810400.026,4779469.974,4897970.021,4947520.049,5013750.034,5023990.047,5061740.02,5088239.964,5109539.992,5169850.041,5224839.948,5239280.047,,
IDA & IBRD total,,,,,,,,,,,,,,,,,,,,,,,,,,,,,,,4853430.003,4863570.044,4839460.026,4880199.952,4918300.015,4997079.989,5031799.979,5007039.993,5052979.993,5097159.973,5168970.025,5178170.02,5214780.036,5366290.052,5508859.971,5648710.008,5732489.945,5836289.982,5914820.026,5894289.982,6049420.028,6113340.052,6166070.031,6192870.044,6244800.021,6283689.964,6328249.999,6408310.034,6491139.955,6527110.046,,
IDA total,,,,,,,,,,,,,,,,,,,,,,,,,,,,,,,774400.001,799659.9944,819980.001,837659.9989,860050.0029,872009.9943,883679.9932,890990.0059,906849.9952,915949.9909,927030.0002,932750.0016,958109.9988,994949.9965,1005910.002,1039319.989,1052510,1079579.999,1104420.001,1114820.007,1151450.008,1165820.003,1152319.997,1168879.997,1183060.001,1195449.999,1218710.006,1238459.993,1266300.007,1287829.999,,
IDA blend,,,,,,,,,,,,,,,,,,,,,,,,,,,,,,,285819.9985,297919.9951,301830.0009,305639.9988,311800.0009,310659.9976,316199.9906,311880.0051,307349.9994,303319.9957,303649.9999,308390.0004,306279.9995,322799.999,331059.9969,337919.9942,344449.997,355519.9998,361930.0004,360130.0043,371470.0036,382670.0058,386480.0012,390179.9991,394209.9973,400320.0026,411730.0068,418569.9898,433069.9979,445609.991,,
Indonesia,,,,,,,,,,,,,,,,,,,,,,,,,,,,,,,267899.9939,273260.0098,282760.0098,285570.0073,290250,297790.0085,304000,306940.0024,311790.0085,316130.0049,319790.0085,311880.0049,307279.9988,300200.0122,296480.011,290500,288019.989,281540.0085,276290.0085,273760.0098,270500,268549.9878,264500,264880.0049,270910.0037,271359.9854,273529.9988,278410.0037,279690.0024,280950.0122,,
IDA only,,,,,,,,,,,,,,,,,,,,,,,,,,,,,,,488580.0025,501739.9994,518150.0001,532020.0001,548250.002,561349.9967,567480.0025,579110.0008,599499.9957,612629.9952,623380.0002,624360.0011,651829.9993,672149.9975,674850.0054,701399.9952,708060.0027,724059.9995,742490.0004,754690.0031,779980.0042,783149.9969,765839.996,778699.9982,788850.0036,795129.9967,806979.9995,819890.0036,833230.0096,842220.0078,,
Isle of Man,,,,,,,,,,,,,,,,,,,,,,,,,,,,,,,,,,,,,,,,,,,,,,,,,,,,,,,,,,,,,,
India,,,,,,,,,,,,,,,,,,,,,,,,,,,,,,,509160.0037,514710.022,516179.9927,520169.9829,523830.0171,533150.0244,542679.9927,550789.978,559469.9707,566979.9805,571710.022,574159.9731,566900.0244,574059.9976,580469.9707,593390.0146,601729.9805,613549.9878,620820.0073,617539.978,623369.9951,629590.0269,628099.9756,632020.0195,634940.0024,638820.0073,643010.0098,647380.0049,654320.0073,656650.0244,,
Not classified,,,,,,,,,,,,,,,,,,,,,,,,,,,,,,,,,,,,,,,,,,,,,,,,,,,,,,,,,,,,,,
Ireland,,,,,,,,,,,,,,,,,,,,,,,,,,,,,,,15470.00027,15729.99954,15779.99973,15909.99985,15939.99958,16000,15979.99954,15989.99977,16430.00031,16479.99954,16969.99931,17059.99947,16969.99931,17540.00092,16600.00038,16120.00084,16090.00015,15430.00031,15199.99981,14909.99985,14420.00008,14430.00031,14869.99989,15270.00046,15619.99989,15899.99962,16530.00069,16799.99924,15430.00031,15460.00004,,
"Iran, Islamic Rep.",,,,,,,,,,,,,,,,,,,,,,,,,,,,,,,107919.9982,114809.9976,120029.9988,126300.0031,127910.0037,131339.9963,135539.9933,139009.9945,140110.0006,143860.0006,152389.9994,152630.0049,150720.0012,165970.0012,173190.0024,177949.9969,184820.0073,191410.0037,190850.0061,193979.9957,198199.9969,200949.9969,192289.9933,188199.9969,195190.0024,200589.9963,227820.0073,239500,239789.9933,213679.9927,,
Iraq,,,,,,,,,,,,,,,,,,,,,,,,,,,,,,,51779.99878,14390.00034,17860.00061,21959.99908,25549.99924,26100.00038,25829.99992,39049.99924,57069.99969,66019.99664,68180.00031,64809.99756,57250,44259.99832,58259.99832,55799.99924,58509.99832,61310.00137,67879.99725,72040.00092,73569.99969,81750,91300.00305,94419.99817,99790.00092,113169.9982,126139.9994,127949.9969,130220.0012,134690.0024,,
Iceland,,,,,,,,,,,,,,,,,,,,,,,,,,,,,,,509.9999905,509.9999905,519.9999809,529.9999714,540.0000215,550.0000119,560.0000024,569.9999928,569.9999928,579.9999833,579.9999833,579.9999833,579.9999833,569.9999928,579.9999833,569.9999928,610.0000143,610.0000143,610.0000143,600.0000238,600.0000238,569.9999928,540.0000215,540.0000215,560.0000024,560.0000024,550.0000119,540.0000215,540.0000215,529.9999714,,
Israel,,,,,,,,,,,,,,,,,,,,,,,,,,,,,,,8340.000153,8600.000381,8890.000343,9170.000076,9470.000267,9760.000229,10069.99969,10140.00034,10220.00027,10300.00019,10380.00011,9000,7610.000134,6250,6789.999962,7360.000134,7699.999809,7800.000191,7860.000134,7909.999847,7880.000114,8069.999695,8060.00042,8510.000229,8739.999771,8989.999771,9220.000267,9430.000305,9600.000381,9739.999771,,
Italy,,,,,,,,,,,,,,,,,,,,,,,,,,,,,,,48740.00168,47779.99878,47869.99893,47610.00061,48080.00183,48330.00183,49189.99863,49680.00031,49419.99817,49650.00153,50869.99893,49369.99893,50180.00031,50209.99908,49500,49759.99832,49209.99908,49270.00046,49349.99847,48740.00168,48990.00168,46580.00183,47270.00046,45130.00107,44069.99969,44849.99847,44720.00122,44849.99847,44580.00183,44349.99847,,
Jamaica,,,,,,,,,,,,,,,,,,,,,,,,,,,,,,,1029.999971,1080.000043,1149.999976,1149.999976,1129.999995,1149.999976,1110.000014,1090.000033,1090.000033,1100.000024,1110.000014,1110.000014,1110.000014,1159.999967,1100.000024,1070.000052,860.0000143,819.9999928,819.9999928,810.0000024,810.0000024,819.9999928,829.9999833,829.9999833,829.9999833,819.9999928,800.0000119,790.0000215,790.0000215,790.0000215,,
Jordan,,,,,,,,,,,,,,,,,,,,,,,,,,,,,,,8199.999809,8680.000305,9199.999809,9630.000114,9979.999542,8949.999809,7869.999886,6789.999962,5690.000057,4670.000076,3579.999924,3650.000095,3750,3849.999905,4070.000172,4219.99979,4380.000114,4630.000114,4880.000114,4980.000019,4989.999771,4980.000019,5110.000134,5309.999943,5440.000057,5800.000191,6239.999771,6389.999866,6559.999943,6710.000038,,
Japan,,,,,,,,,,,,,,,,,,,,,,,,,,,,,,,37470.00122,37479.99954,37919.99817,37959.99908,38290.00092,37430.00031,36500,35889.99939,34669.99817,34400.00153,33959.99908,33009.99832,32849.99847,32650.00153,32470.00122,32090.00015,31959.99908,31889.99939,31209.99908,30549.99924,30520.00046,30590.00015,30500,30219.99931,29659.99985,28850.00038,28549.99924,28389.99939,27920.00008,27379.99916,,
Kazakhstan,,,,,,,,,,,,,,,,,,,,,,,,,,,,,,,40689.99863,40599.99847,37000,37060.00137,36959.99908,34279.99878,31930.00031,31069.99969,29520.00046,28370.00084,29860.00061,30829.99992,39279.99878,37720.00122,41110.00061,43310.00137,45139.99939,44560.00137,46970.00122,47080.00183,48590.00015,48680.00031,47580.00183,47310.00137,48180.00031,47349.99847,45950.00076,50650.00153,49509.99832,48889.99939,,
Kenya,,,,,,,,,,,,,,,,,,,,,,,,,,,,,,,18440.00053,17760.00023,17700.00076,17649.99962,17750,17709.99908,16770.00046,16790.00092,17139.99939,18239.99977,16909.99985,16930.00031,17690.00053,18829.99992,20049.99924,19569.99969,19180.00031,29870.00084,30329.99992,29180.00031,29370.00084,30129.99916,29959.99908,29489.99977,29950.00076,30440.00053,32959.99908,30860.00061,32040.00092,36840.00015,,
Kyrgyz Republic,,,,,,,,,,,,,,,,,,,,,,,,,,,,,,,7320.000172,7530.00021,6760.000229,5809.999943,4440.000057,3970.000029,3730.000019,3700.000048,3539.999962,3369.999886,3420.000076,3490.00001,3549.999952,3420.000076,3599.999905,3509.99999,3549.999952,3599.999905,3670.000076,3849.999905,3890.000105,3980.000019,4070.000172,4170.000076,4360.000134,4369.999886,4480.000019,4579.999924,4719.99979,4800.000191,,
Cambodia,,,,,,,,,,,,,,,,,,,,,,,,,,,,,,,12140.00034,11739.99977,12039.99996,12720.00027,11489.99977,13840.00015,13859.99966,14010.00023,13949.99981,14800.00019,13949.99981,13949.99981,14159.99985,15329.99992,15020.00046,16209.99908,17100.00038,17399.99962,17590.00015,18000,18190.00053,18959.99908,18409.99985,18270.00046,17770.00046,17659.99985,18129.99916,18579.99992,18469.99931,18200.00076,,
Kiribati,,,,,,,,,,,,,,,,,,,,,,,,,,,,,,,9.999999776,9.999999776,9.999999776,9.999999776,9.999999776,9.999999776,9.999999776,19.99999955,19.99999955,19.99999955,19.99999955,19.99999955,19.99999955,19.99999955,19.99999955,19.99999955,19.99999955,19.99999955,19.99999955,19.99999955,19.99999955,19.99999955,19.99999955,19.99999955,19.99999955,19.99999955,19.99999955,19.99999955,19.99999955,19.99999955,,
St. Kitts and Nevis,,,,,,,,,,,,,,,,,,,,,,,,,,,,,,,70.0000003,70.0000003,70.0000003,70.0000003,70.0000003,70.0000003,70.0000003,70.0000003,70.0000003,70.0000003,70.0000003,70.0000003,70.0000003,70.0000003,70.0000003,79.99999821,79.99999821,79.99999821,79.99999821,79.99999821,79.99999821,79.99999821,79.99999821,79.99999821,79.99999821,79.99999821,79.99999821,79.99999821,79.99999821,79.99999821,,
"Korea, Rep.",,,,,,,,,,,,,,,,,,,,,,,,,,,,,,,24350.00038,24549.99924,24659.99985,24809.99947,25120.00084,25280.00069,25940.00053,26270.00046,24600.00038,24370.00084,24590.00015,25100.00038,24920.00008,24889.99939,23930.00031,24090.00015,24120.00084,23709.99908,23700.00076,24030.00069,24270.00046,23920.00008,23959.99908,23780.00069,23459.99908,23219.99931,22920.00008,22829.99992,22840.00015,22700.00076,,
Kuwait,,,,,,,,,,,,,,,,,,,,,,,,,,,,,,,9520.000458,2410.000086,8520.000458,14939.99958,16549.99924,16690.00053,16989.99977,17540.00092,17110.00061,15890.00034,17299.99924,16889.99939,16149.99962,18590.00015,19799.99924,20860.00061,21389.99939,20680.00031,21750,19590.00015,20139.99939,22049.99924,23360.00061,24329.99992,24149.99962,24319.99969,25860.00061,24379.99916,24780.00069,24709.99908,,
Latin America & Caribbean (excluding high income),,,,,,,,,,,,,,,,,,,,,,,,,,,,,,,667189.989,676100.0022,687720.0085,698719.9966,712040.0115,720590.0014,711620.0037,722880.0038,730840.0078,738870.009,749989.9843,768580.0004,796399.9988,829660.0092,852759.997,864850.0024,868919.9925,875950.0034,879450.0135,882590.0067,903590.0084,906230.0145,912940.0052,909509.99,927610.0065,941369.9994,946810.0039,948070.0175,946619.9868,961080.0095,,
Lao PDR,,,,,,,,,,,,,,,,,,,,,,,,,,,,,,,4820.000172,4679.999828,4849.999905,4849.999905,5099.999905,5070.000172,5050.000191,5219.99979,4869.999886,4809.999943,5380.000114,5559.999943,5659.999847,5789.999962,6019.999981,5909.999847,5960.000038,6199.999809,6369.999886,6590.000153,6949.999809,6719.99979,7260.000229,7239.999771,7400.000095,7590.000153,7849.999905,7820.000172,7610.000134,7559.999943,,
Lebanon,,,,,,,,,,,,,,,,,,,,,,,,,,,,,,,1230.000019,1279.999971,1309.999943,1340.000033,1360.000014,1509.99999,1679.999948,1830.000043,1980.000019,2130.000114,2259.99999,2309.999943,2359.999895,2410.000086,2460.000038,2509.99999,2559.999943,2589.999914,2660.000086,2720.000029,2769.999981,2849.999905,2920.000076,2980.000019,3049.999952,3099.999905,3180.000067,3259.99999,3339.999914,3410.000086,,
Liberia,,,,,,,,,,,,,,,,,,,,,,,,,,,,,,,219.9999988,189.9999976,200.000003,180.0000072,170.0000018,170.0000018,170.0000018,189.9999976,200.000003,200.000003,200.000003,200.000003,200.000003,209.9999934,209.9999934,200.000003,230.0000042,239.9999946,250,379.9999952,300.0000119,300.0000119,310.0000024,300.0000119,330.0000131,400.000006,349.999994,330.0000131,340.0000036,370.0000048,,
Libya,,,,,,,,,,,,,,,,,,,,,,,,,,,,,,,57509.99832,62080.00183,56200.00076,59220.00122,65580.00183,68879.99725,69879.99725,65389.99939,65400.00153,60700.00076,64040.00092,60479.99954,58220.00122,63540.00092,68639.99939,73970.00122,76069.99969,75940.00244,76769.99664,70360.00061,74209.99908,29850.00038,70809.99756,51810.00137,34529.99878,33720.00122,33830.00183,51330.00183,58799.99924,63349.99847,,
St. Lucia,,,,,,,,,,,,,,,,,,,,,,,,,,,,,,,680.0000072,689.9999976,709.9999785,720.0000286,730.0000191,649.9999762,560.0000024,479.9999893,389.9999857,310.0000024,219.9999988,219.9999988,219.9999988,230.0000042,230.0000042,230.0000042,230.0000042,239.9999946,239.9999946,239.9999946,250,250,250,250,259.9999905,259.9999905,259.9999905,270.0000107,270.0000107,270.0000107,,
Latin America & Caribbean,,,,,,,,,,,,,,,,,,,,,,,,,,,,,,,840379.9832,861100.0044,874750.0158,890259.9947,907280.0088,928660.0079,935200.0092,957569.998,969100.0032,964730.0076,982549.988,1001779.992,1021580.002,1048090.005,1084810.001,1102820.008,1107179.993,1112409.996,1119250.012,1111590.002,1128490.003,1133130.013,1153600,1151769.991,1167710.002,1174510.001,1169870.011,1152010.02,1131919.985,1127470.007,,
Least developed countries: UN classification,,,,,,,,,,,,,,,,,,,,,,,,,,,,,,,445900.0014,452319.9997,463130.0002,473970.0011,488310,502249.9956,509670.0012,519749.9993,541289.9939,553669.9953,564029.9993,567630.0001,595869.9983,618979.9982,631800.0058,660199.995,668390.0036,688670.0013,709400.0027,720170.0015,745790.0068,749469.9952,740689.9974,757769.9964,767890.0051,775999.9979,787680.0003,798970.0016,808920.0097,816670.0075,,
Low income,,,,,,,,,,,,,,,,,,,,,,,,,,,,,,,299459.9973,309279.9973,318730.0021,325539.997,336660.0005,341319.9999,347070.0017,356280.0024,372660.0005,376490,383530.002,383810.004,406280.0014,419739.998,422020.004,438509.9998,441240.001,454499.9997,467189.9983,475830.0012,495740.0002,495650.0028,477209.9968,483919.9986,491010.0047,491609.9975,499809.9963,507590.0054,517680.0046,522680.003,,
Liechtenstein,,,,,,,,,,,,,,,,,,,,,,,,,,,,,,,0,0,0,0,0,0,0,0,0,0,0,0,0,0,0,0,0,0,0,0,0,0,0,0,0,0,0,0,0,0,,
Sri Lanka,,,,,,,,,,,,,,,,,,,,,,,,,,,,,,,17860.00061,17610.00061,18020.00046,18389.99939,18430.00031,18540.00092,15890.00034,13899.99962,11119.99989,9439.99958,7300.000191,7139.999866,7250,7579.999924,7179.999828,7800.000191,7820.000172,7630.000114,8300.000191,8130.000114,8600.000381,8680.000305,8939.99958,8930.000305,8000,8949.999809,8470.000267,7590.000153,8430.000305,8220.000267,,
Lower middle income,,,,,,,,,,,,,,,,,,,,,,,,,,,,,,,1729949.996,1766680.027,1787090.004,1813679.988,1836990.02,1871370.018,1901199.976,1912579.978,1918609.977,1953129.974,1975550.029,1971979.976,1969720.017,2020620.006,2046399.983,2087649.998,2117149.973,2152410.005,2171460.022,2165779.99,2192769.998,2217130.017,2217789.974,2229670.016,2256970.012,2279319.987,2332710.028,2369629.997,2395840.016,2392640.027,,
Low & middle income,,,,,,,,,,,,,,,,,,,,,,,,,,,,,,,4641780.007,4643140.042,4620320.019,4657209.957,4692170.017,4758239.982,4777009.974,4740509.999,4783999.997,4840559.974,4906270.021,4916460.029,4961800.035,5119810.054,5248789.968,5381950.003,5465929.945,5572399.989,5648820.026,5640939.989,5800420.031,5865780.055,5904980.037,5930460.043,5985320.026,6030909.962,6086739.992,6185690.031,6287689.958,6342990.047,,
Lesotho,,,,,,,,,,,,,,,,,,,,,,,,,,,,,,,1000,1000,1100.000024,1080.000043,1049.999952,1009.99999,980.0000191,949.9999881,899.9999762,1220.000029,1169.999957,1159.999967,1059.999943,1090.000033,1049.999952,1139.999986,1100.000024,1120.000005,1090.000033,1100.000024,1090.000033,1110.000014,1120.000005,1049.999952,1029.999971,1019.999981,1000,1090.000033,1070.000052,1039.999962,,
Late-demographic dividend,,,,,,,,,,,,,,,,,,,,,,,,,,,,,,,2280730.015,2262480.008,2234630.013,2217579.969,2215000.001,2236859.966,2221939.998,2163460.01,2165350.022,2169479.999,2187449.992,2204400.05,2231880.014,2322580.051,2400869.987,2474090.005,2521169.98,2568789.982,2600070.004,2616469.996,2721400.033,2783270.029,2791010.073,2823020.027,2841190.02,2852019.973,2834079.972,2863060.026,2917739.952,2957550.013,,
Lithuania,,,,,,,,,,,,,,,,,,,,,,,,,,,,,,,7119.999886,7050.000191,7349.999905,6289.999962,5590.000153,5179.999828,5010.000229,5010.000229,4869.999886,4599.999905,4420.000076,4159.999847,4199.999809,4260.000229,4300.000191,4260.000229,4219.99979,4230.000019,4070.000172,3930.000067,3880.000114,3720.000029,3690.000057,3579.999924,3480.000019,3450.000048,3349.999905,3269.999981,3119.999886,3029.999971,,
Luxembourg,,,,,,,,,,,,,,,,,,,,,,,,,,,,,,,600.0000238,610.0000143,610.0000143,610.0000143,600.0000238,600.0000238,600.0000238,600.0000238,589.9999738,610.0000143,589.9999738,589.9999738,589.9999738,579.9999833,579.9999833,569.9999928,569.9999928,579.9999833,579.9999833,579.9999833,579.9999833,560.0000024,550.0000119,560.0000024,560.0000024,560.0000024,560.0000024,569.9999928,560.0000024,560.0000024,,
Latvia,,,,,,,,,,,,,,,,,,,,,,,,,,,,,,,4059.999943,4070.000172,4599.999905,3990.00001,2910.000086,2640.000105,2599.999905,2490.00001,2410.000086,2289.999962,2170.000076,2200.000048,2240.00001,2180.000067,2130.000114,2150.000095,2150.000095,2140.000105,2160.000086,2109.999895,2059.999943,2000,2059.999943,2069.999933,2119.999886,2039.999962,2049.999952,2049.999952,2000,1980.000019,,
"Macao SAR, China",,,,,,,,,,,,,,,,,,,,,,,,,,,,,,,,,,,,,,,,,,,,,,,,,,,,,,,,,,,,,,
St. Martin (French part),,,,,,,,,,,,,,,,,,,,,,,,,,,,,,,,,,,,,,,,,,,,,,,,,,,,,,,,,,,,,,
Morocco,,,,,,,,,,,,,,,,,,,,,,,,,,,,,,,8920.000076,8770.000458,8630.000114,7869.999886,8149.999619,8189.99958,8520.000458,8909.999847,8899.999619,9220.000267,9539.999962,9550.000191,9539.999962,9689.99958,10199.99981,10229.99954,10359.99966,10300.00019,10380.00011,10380.00011,10609.99966,11010.00023,11100.00038,11289.99996,11479.99954,11550.00019,11670.00008,11770.00046,11970.00027,12159.99985,,
Monaco,,,,,,,,,,,,,,,,,,,,,,,,,,,,,,,,,,,,,,,,,,,,,,,,,,,,,,,,,,,,,,
Moldova,,,,,,,,,,,,,,,,,,,,,,,,,,,,,,,5500,5530.00021,5170.000076,4760.000229,5000,4909.999847,4929.999828,4400.000095,4030.00021,4030.00021,3859.999895,3609.999895,3650.000095,3700.000048,3630.000114,3549.999952,3440.000057,3490.00001,3319.999933,3240.00001,3410.000086,3450.000048,3440.000057,3430.000067,3470.000029,3470.000029,3460.000038,3490.00001,3450.000048,3339.999914,,
Madagascar,,,,,,,,,,,,,,,,,,,,,,,,,,,,,,,16559.99947,16500,16709.99908,17000,16549.99924,16760.00023,16770.00046,16750,17200.00076,17040.00092,16809.99947,15930.00031,14909.99985,15920.00008,15359.99966,17350.00038,16889.99939,17649.99962,17149.99962,17549.99924,17579.99992,17000,17459.99908,16069.99969,16170.00008,15829.99992,16540.00092,15689.99958,16000,15949.99981,,
Maldives,,,,,,,,,,,,,,,,,,,,,,,,,,,,,,,39.99999911,39.99999911,50.00000075,50.00000075,50.00000075,50.00000075,50.00000075,50.00000075,59.99999866,59.99999866,59.99999866,59.99999866,59.99999866,70.0000003,70.0000003,70.0000003,70.0000003,79.99999821,79.99999821,90.00000358,90.00000358,90.00000358,100.0000015,100.0000015,109.9999994,109.9999994,119.9999973,119.9999973,129.9999952,129.9999952,,
Middle East & North Africa,,,,,,,,,,,,,,,,,,,,,,,,,,,,,,,475689.998,470900.0009,490070.0015,518770,540330.0059,558129.997,571929.9871,595389.9957,617780.0033,630029.9935,659030.0052,649420.0042,640739.9996,670589.9964,696559.9991,720469.9906,739600.0072,749400.0136,764709.9937,754999.9953,778849.9936,759969.9946,805949.9975,786699.9913,785030.0027,800429.993,853260.0106,885040.0012,902580.0007,890469.9861,,
Mexico,,,,,,,,,,,,,,,,,,,,,,,,,,,,,,,92540.00092,93800.00305,93269.99664,100790.0009,101559.9976,101489.9979,102250,104870.0027,105760.0021,104599.9985,107599.9985,108150.0015,111000,115110.0006,116209.9991,117650.0015,120809.9976,121779.9988,123169.9982,123529.9988,125169.9982,127940.0024,127459.9991,121279.9988,129869.9951,137470.0012,137740.0055,136020.0043,137679.9927,138800.0031,,
Marshall Islands,,,,,,,,,,,,,,,,,,,,,,,,,,,,,,,19.99999955,29.99999933,29.99999933,29.99999933,29.99999933,29.99999933,29.99999933,29.99999933,29.99999933,29.99999933,29.99999933,29.99999933,29.99999933,29.99999933,29.99999933,29.99999933,29.99999933,29.99999933,29.99999933,29.99999933,29.99999933,29.99999933,29.99999933,29.99999933,29.99999933,29.99999933,29.99999933,29.99999933,29.99999933,29.99999933,,
Middle income,,,,,,,,,,,,,,,,,,,,,,,,,,,,,,,4342320.01,4333860.044,4301590.017,4331669.96,4355510.017,4416919.982,4429939.972,4384229.996,4411339.997,4464069.974,4522740.019,4532650.025,4555520.033,4700070.056,4826769.964,4943440.003,5024689.944,5117899.99,5181630.028,5165109.988,5304680.031,5370130.052,5427770.04,5446540.044,5494310.021,5539299.965,5586929.996,5678100.026,5770009.953,5820310.044,,
North Macedonia,,,,,,,,,,,,,,,,,,,,,,,,,,,,,,,2589.999914,2529.999971,2369.999886,2380.000114,2309.999943,2339.999914,2339.999914,2319.999933,2269.999981,2170.000076,2230.000019,2180.000067,2160.000086,2230.000019,2269.999981,2240.00001,2269.999981,2279.999971,2309.999943,2240.00001,2289.999962,2329.999924,2299.999952,2309.999943,2339.999914,2390.000105,2410.000086,2450.000048,2440.000057,2349.999905,,
Mali,,,,,,,,,,,,,,,,,,,,,,,,,,,,,,,8829.999924,8800.000191,8810.00042,8920.000076,9090.000153,9329.999924,9829.999924,9960.000038,10529.99973,11239.99977,12020.00046,11920.00008,12159.99985,12689.99958,13819.99969,14369.99989,14310.00042,14920.00008,15699.99981,15819.99969,17020.00046,17319.99969,17719.99931,18309.99947,18510.00023,19139.99939,20959.99908,21430.00031,22200.00076,22959.99908,,
Malta,,,,,,,,,,,,,,,,,,,,,,,,,,,,,,,150.000006,159.9999964,170.0000018,180.0000072,189.9999976,180.0000072,189.9999976,200.000003,200.000003,209.9999934,219.9999988,219.9999988,230.0000042,239.9999946,239.9999946,259.9999905,259.9999905,270.0000107,189.9999976,200.000003,219.9999988,200.000003,200.000003,189.9999976,200.000003,209.9999934,219.9999988,219.9999988,219.9999988,219.9999988,,
Myanmar,,,,,,,,,,,,,,,,,,,,,,,,,,,,,,,40490.00168,39930.00031,42189.99863,44080.00183,45380.00107,46970.00122,46419.99817,45319.99969,46040.00092,49509.99832,50349.99847,51340.00015,51849.99847,53150.00153,55130.00107,57779.99878,61090.00015,62470.00122,63310.00137,64169.99817,65150.00153,63279.99878,63290.00092,64069.99969,65080.00183,66529.99878,67620.00275,69769.99664,72160.00366,73050.00305,,
Middle East & North Africa (excluding high income),,,,,,,,,,,,,,,,,,,,,,,,,,,,,,,362459.9971,346180.0012,355480.0007,378530.0005,398860.0067,413329.9932,422899.9893,439829.9946,461290.0057,476939.9963,496010.0041,487510.0008,481139.9993,496699.9949,517579.9993,532109.9917,546910.0059,556960.0126,564249.9965,562699.9997,577409.9942,542099.9993,579239.9973,554249.9958,551400.0043,559549.9939,602610.0074,637510.0018,649649.9978,636649.9876,,
Montenegro,,,,,,,,,,,,,,,,,,,,,,,,,,,,,,,949.9999881,930.0000072,829.9999833,819.9999928,810.0000024,839.9999738,839.9999738,839.9999738,829.9999833,790.0000215,730.0000191,699.9999881,699.9999881,689.9999976,689.9999976,699.9999881,730.0000191,759.9999905,779.9999714,819.9999928,850.0000238,810.0000024,819.9999928,810.0000024,819.9999928,829.9999833,819.9999928,810.0000024,800.0000119,779.9999714,,
Mongolia,,,,,,,,,,,,,,,,,,,,,,,,,,,,,,,8710.000038,9000,8729.999542,8609.999657,8449.999809,9109.999657,9640.000343,10189.99958,10470.00027,10920.00008,11100.00038,9489.999771,7699.999809,7750,7409.999847,8229.999542,9159.999847,10479.99954,10670.00008,11000,8939.99958,10260.00023,11520.00046,12399.99962,14170.00008,15750,16790.00092,17709.99908,17629.99916,18790.00092,,
Northern Mariana Islands,,,,,,,,,,,,,,,,,,,,,,,,,,,,,,,,,,,,,,,,,,,,,,,,,,,,,,,,,,,,,,
Mozambique,,,,,,,,,,,,,,,,,,,,,,,,,,,,,,,9260.000229,9640.000343,10060.00042,10489.99977,10890.00034,10979.99954,10920.00008,10300.00019,11619.99989,11270.00046,10859.99966,11619.99989,12689.99958,12859.99966,12949.99981,14289.99996,13779.99973,13619.99989,14279.99973,13050.00019,13970.00027,14050.00019,15180.00031,15960.00004,16159.99985,15680.00031,15350.00038,16030.00069,18500,17540.00092,,
Mauritania,,,,,,,,,,,,,,,,,,,,,,,,,,,,,,,3990.00001,4119.999886,4019.999981,4150.000095,4059.999943,4079.999924,4329.999924,4550.000191,4750,5039.999962,5260.000229,5320.000172,5380.000114,5489.999771,5420.000076,5500,5820.000172,5630.000114,5159.999847,5469.99979,5710.000038,5769.999981,5929.999828,6079.999924,6289.999962,6389.999866,6610.000134,6639.999866,6849.999905,7010.000229,,
Mauritius,,,,,,,,,,,,,,,,,,,,,,,,,,,,,,,899.9999762,910.0000262,920.0000167,930.0000072,939.9999976,949.9999881,1039.999962,1129.999995,1230.000019,1320.000052,1409.999967,1539.999962,1460.000038,1509.99999,1519.999981,1509.99999,1590.000033,1620.000005,1649.999976,1669.999957,1700.000048,1730.000019,1769.999981,1799.999952,1830.000043,1860.000014,1879.999995,1899.999976,1929.999948,1950.000048,,
Malawi,,,,,,,,,,,,,,,,,,,,,,,,,,,,,,,1350.000024,1340.000033,1330.000043,1350.000024,1259.99999,1279.999971,1320.000052,1309.999943,1440.000057,1440.000057,1529.999971,1529.999971,1580.000043,1669.999957,1649.999976,1730.000019,1769.999981,1909.999967,2089.999914,2160.000086,2380.000114,2490.00001,2650.000095,2769.999981,2900.000095,3099.999905,3269.999981,3380.000114,3769.999981,3950.000048,,
Malaysia,,,,,,,,,,,,,,,,,,,,,,,,,,,,,,,18559.99947,19190.00053,19430.00031,20079.99992,21049.99924,21690.00053,22649.99962,23709.99908,23770.00046,23969.99931,24819.99969,25100.00038,25850.00038,26889.99939,28319.99969,29200.00076,29639.99939,30729.99954,31780.00069,31520.00046,31790.00092,31959.99908,32759.99832,34549.99924,35470.00122,36250,36240.00168,35990.00168,36479.99954,36810.00137,,
North America,,,,,,,,,,,,,,,,,,,,,,,,,,,,,,,718930.0232,722149.9863,727499.9771,722070.0226,736100.029,736889.9918,736499.9771,728870.0027,719019.9814,705900.0244,701919.9753,697279.9988,692160.0189,693199.9817,695149.971,697929.9927,700769.989,704899.9863,709329.9866,695629.9973,713299.9878,719340.0116,730729.9728,735979.9805,761649.971,762699.9893,746799.9725,767050.0183,811130.0278,846210.0067,,
Namibia,,,,,,,,,,,,,,,,,,,,,,,,,,,,,,,4409.999847,4579.999924,4500,4360.000134,4340.000153,4320.000172,4190.000057,4110.000134,4429.999828,4480.000019,4929.999828,4719.99979,4190.000057,4449.999809,4610.000134,4989.999771,5469.99979,5119.999886,4309.999943,5659.999847,5300.000191,7570.000172,8289.999962,4829.999924,4449.999809,4329.999924,4690.000057,4659.999847,4239.999771,3789.999962,,
New Caledonia,,,,,,,,,,,,,,,,,,,,,,,,,,,,,,,,,,,,,,,,,,,,,,,,,,,,,,,,,,,,,,
Niger,,,,,,,,,,,,,,,,,,,,,,,,,,,,,,,8649.999619,8979.999542,9300.000191,9710.000038,10069.99969,10439.99958,10869.99989,11420.00008,11829.99992,12300.00019,12560.00042,13090.00015,13600.00038,14170.00008,14770.00046,15340.00015,15949.99981,16700.00076,17450.00076,18250,18090.00015,18809.99947,19750,20989.99977,21940.00053,22760.00023,23840.00015,24920.00008,26100.00038,27260.00023,,
Nigeria,,,,,,,,,,,,,,,,,,,,,,,,,,,,,,,126250,132529.9988,136779.9988,138410.0037,140830.0018,137000,137649.9939,130440.0024,120000,110919.9982,110050.0031,111989.9979,105610.0006,114830.0018,117339.9963,119239.9979,116959.9991,115319.9997,114190.0024,110620.0027,119400.0015,122860.0006,123809.9976,122569.9997,124010.0021,124040.0009,127370.0027,131479.9957,134240.0055,135839.9963,,
Nicaragua,,,,,,,,,,,,,,,,,,,,,,,,,,,,,,,5489.999771,4500,4949.999809,5500,5539.999962,4909.999847,4809.999943,5250,5170.000076,6030.00021,6269.999981,6309.999943,6429.999828,6739.999771,6530.00021,6829.999924,6920.000076,6940.000057,6989.999771,7059.999943,7210.000038,7809.999943,8079.999924,8470.000267,8840.000153,9149.999619,9119.999886,8850.000381,9210.000038,9420.000076,,
Netherlands,,,,,,,,,,,,,,,,,,,,,,,,,,,,,,,29709.99908,30020.00046,29540.00092,28920.00008,28159.99985,27450.00076,26799.99924,25950.00076,25090.00015,24190.00053,23180.00031,22579.99992,21579.99992,20799.99924,20420.00008,19020.00046,18399.99962,18209.99908,18329.99992,18139.99939,17989.99977,17479.99954,17190.00053,17270.00046,17270.00046,17500,17440.00053,16590.00015,15529.99973,15539.99996,,
Norway,,,,,,,,,,,,,,,,,,,,,,,,,,,,,,,5789.999962,5860.000134,5949.999809,5960.000038,6090.000153,6150.000095,6239.999771,6230.000019,6059.999943,5909.999847,5929.999828,5860.000134,5760.000229,5760.000229,5679.999828,5519.999981,5429.999828,5269.999981,5199.999809,5170.000076,5119.999886,5010.000229,4949.999809,4829.999924,4750,4760.000229,4760.000229,4719.99979,4610.000134,4539.999962,,
Nepal,,,,,,,,,,,,,,,,,,,,,,,,,,,,,,,16309.99947,16280.00069,15949.99981,16520.00046,16770.00046,17569.99969,17829.99992,18030.00069,18229.99954,18479.99954,18729.99954,18829.99992,19110.00061,19409.99985,19719.99931,19979.99954,20260.00023,20360.00061,21000,21450.00076,21600.00038,22030.00069,22200.00076,22459.99908,22629.99916,22489.99977,22569.99969,23170.00008,23260.00023,23549.99924,,
Nauru,,,,,,,,,,,,,,,,,,,,,,,,,,,,,,,0,0,0,0,0,0,0,0,0,0,0,0,0,0,0,0,0,0,0,0,0,0,0,0,0,0,0,0,0,0,,
New Zealand,,,,,,,,,,,,,,,,,,,,,,,,,,,,,,,32860.00061,32450.00076,32150.00153,32119.99893,32900.00153,33650.00153,33229.99954,33549.99924,32840.00015,33169.99817,32619.99893,32939.99863,33709.99908,33869.99893,33790.00092,33709.99908,33889.99939,33779.99878,33150.00153,33470.00122,33430.00031,33380.00107,33869.99893,33689.99863,33979.99954,33099.99847,33080.00183,32860.00061,32709.99908,32520.00046,,
OECD members,,,,,,,,,,,,,,,,,,,,,,,,,,,,,,,1760550.033,1757369.991,1752859.973,1749110.019,1762730.041,1760429.988,1754289.975,1746050.007,1730269.982,1722140.029,1724779.971,1718440.001,1700120.022,1656269.98,1667339.98,1645109.999,1662889.979,1660729.982,1642279.985,1623059.989,1629199.992,1673940.015,1678399.964,1629999.98,1668969.962,1667929.995,1636939.978,1678230.024,1720980.027,1742420.003,,
Oman,,,,,,,,,,,,,,,,,,,,,,,,,,,,,,,7190.000057,7449.999809,8000,9090.000153,9930.000305,10550.00019,10880.00011,11439.99958,11100.00038,11510.00023,12619.99989,13510.00023,13319.99969,13529.99973,13220.00027,13510.00023,13649.99962,13350.00038,13720.00027,14250,14949.99981,15609.99966,16680.00031,17879.99916,17889.99939,18379.99916,19370.00084,19000,20190.00053,20239.99977,,
Other small states,,,,,,,,,,,,,,,,,,,,,,,,,,,,,,,38539.99997,39980.00018,41070.00015,41980.00019,43120.00007,44580.00031,46330.00022,49450.0004,50670.00004,51400.00051,52809.99988,55759.99962,55550.00102,56729.99974,60029.99982,62569.99903,65390.00005,65839.99952,71450.00012,69079.99955,78099.99986,83599.99974,79780,76579.9993,77520.00051,76980.00067,76789.9994,77370.00016,75609.99907,74820.00075,,
Pakistan,,,,,,,,,,,,,,,,,,,,,,,,,,,,,,,72879.99725,74559.99756,75819.99969,77949.99695,79139.99939,81059.99756,84739.99786,86580.00183,88889.99939,91819.99969,93459.99908,94860.00061,97459.99908,102169.9982,105410.0037,108629.9973,115489.9979,118849.9985,123099.9985,126250,125459.9991,131570.0073,134240.0055,139559.9976,143399.9939,146050.0031,149350.0061,153179.9927,157679.9927,162759.9945,,
Panama,,,,,,,,,,,,,,,,,,,,,,,,,,,,,,,4010.000229,4079.999924,4170.000076,4239.999771,4309.999943,4199.999809,4070.000172,3829.999924,3759.99999,3619.999886,3430.000067,3759.99999,3819.999933,3839.999914,3859.999895,3990.00001,4059.999943,4070.000172,4260.000229,4360.000134,4440.000057,4639.999866,4719.99979,4789.999962,4730.000019,4699.999809,4789.999962,4820.000172,4949.999809,4960.000038,,
Peru,,,,,,,,,,,,,,,,,,,,,,,,,,,,,,,17309.99947,17000,16950.00076,17059.99947,18120.00084,19530.00069,20610.00061,21489.99977,22930.00031,24719.99931,25610.00061,25739.99977,26159.99985,26440.00053,26360.00061,27510.00023,27479.99954,27920.00008,28549.99924,29260.00023,30010.00023,30790.00092,31149.99962,31340.00015,31719.99931,31729.99954,32169.99817,31979.99954,32259.99832,32509.99832,,
Philippines,,,,,,,,,,,,,,,,,,,,,,,,,,,,,,,45340.00015,46250,44490.00168,45639.99939,48919.99817,50389.99939,52479.99954,52200.00076,46919.99817,54110.00061,54709.99908,55259.99832,55909.99985,56099.99847,57389.99939,57250,58090.00015,59560.00137,61270.00046,62319.99969,60889.99939,62130.00107,63340.00015,63950.00076,64150.00153,63669.99817,63259.99832,65580.00183,65790.00092,64730.00336,,
Palau,,,,,,,,,,,,,,,,,,,,,,,,,,,,,,,9.999999776,9.999999776,9.999999776,9.999999776,9.999999776,9.999999776,9.999999776,9.999999776,19.99999955,19.99999955,19.99999955,19.99999955,19.99999955,19.99999955,19.99999955,19.99999955,19.99999955,19.99999955,19.99999955,19.99999955,19.99999955,19.99999955,19.99999955,19.99999955,19.99999955,19.99999955,19.99999955,19.99999955,19.99999955,19.99999955,,
Papua New Guinea,,,,,,,,,,,,,,,,,,,,,,,,,,,,,,,2880.000114,3869.999886,4889.999866,5909.999847,6940.000057,7960.000038,7730.000019,7619.999886,7360.000134,7159.999847,6949.999809,6829.999924,6739.999771,6559.999943,6449.999809,6130.000114,6199.999809,6130.000114,6150.000095,6170.000076,6199.999809,7090.000153,8010.000229,8880.000114,9840.000153,10789.99996,10720.00027,10779.99973,10899.99962,10859.99966,,
Poland,,,,,,,,,,,,,,,,,,,,,,,,,,,,,,,45340.00015,43599.99847,41840.00015,41169.99817,40040.00092,39060.00137,38299.99924,38090.00015,36630.00107,35750,34389.99939,33590.00015,33369.99893,33310.00137,32680.00031,32979.99954,33389.99939,33090.00015,32740.00168,32419.99817,32970.00122,31889.99939,31389.99939,31120.00084,30389.99939,29989.99977,29170.00008,29530.00069,29399.99962,29000,,
Pre-demographic dividend,,,,,,,,,,,,,,,,,,,,,,,,,,,,,,,465349.9985,447199.9968,464720.0019,480980.0025,496279.9984,501909.9979,508169.9961,524070.0039,552059.9985,558659.9961,569160.0063,567499.9989,572530.0019,590129.9997,617429.9974,637809.9964,635739.9988,657300.0048,676340.0001,677940.0027,704130.0032,720439.9969,720139.9983,732109.9923,749410.0114,775699.9978,805099.9973,811019.9976,826040.0124,842210.0032,,
Puerto Rico,,,,,,,,,,,,,,,,,,,,,,,,,,,,,,,,,,,,,,,,,,,,,,,,,,,,,,,,,,,,,,
"Korea, Dem. People's Rep.",,,,,,,,,,,,,,,,,,,,,,,,,,,,,,,26629.99916,25129.99916,23780.00069,22430.00031,21100.00038,19670.00008,18030.00069,16799.99924,15520.00046,14399.99962,13029.99973,13390.00034,13590.00015,13729.99954,13850.00038,14020.00046,14600.00038,15100.00038,15649.99962,16149.99962,16709.99908,16870.00084,17110.00061,17149.99962,17270.00046,17209.99908,17350.00038,17940.00053,17950.00076,18079.99992,,
Portugal,,,,,,,,,,,,,,,,,,,,,,,,,,,,,,,11090.00015,11189.99958,11289.99996,11270.00046,11689.99958,11899.99962,12029.99973,12229.99954,12489.99977,12579.99992,12600.00038,12399.99962,12649.99962,12949.99981,13100.00038,12720.00027,12550.00019,12430.00031,11989.99977,11819.99969,11630.00011,11920.00008,11680.00031,11479.99954,11460.00004,11489.99977,11439.99958,11569.99969,11329.99992,11350.00038,,
Paraguay,,,,,,,,,,,,,,,,,,,,,,,,,,,,,,,17579.99992,16719.99931,17180.00031,18360.00061,19290.00092,20430.00031,20110.00061,20319.99969,20489.99977,20690.00053,20350.00038,21450.00076,20799.99924,22270.00046,21120.00084,21909.99985,22079.99992,23280.00069,22829.99992,24409.99985,25489.99977,25989.99977,27190.00053,27690.00053,29059.99947,28799.99924,28719.99931,29389.99939,28329.99992,29170.00008,,
West Bank and Gaza,,,,,,,,,,,,,,,,,,,,,,,,,,,,,,,,,,,,,,,,,,,,,,,,,,,,,,,,,,,,,,
Pacific island small states,,,,,,,,,,,,,,,,,,,,,,,,,,,,,,,1589.999983,1639.999989,1669.999983,1739.999998,1820.000011,1879.999984,1889.999989,1889.999991,1909.999982,1879.999973,1880.000032,1910.000019,1879.999988,1889.999978,1919.999979,1939.99996,1949.999981,2009.999953,2029.999994,2019.999973,2029.999994,2069.999997,2090.000007,2109.999988,1720.000003,1760.000024,1780.000005,1820.000026,1840.000007,1899.99998,,
Post-demographic dividend,,,,,,,,,,,,,,,,,,,,,,,,,,,,,,,1630640.029,1624119.99,1606839.977,1588170.017,1596650.042,1588859.989,1578099.978,1560290.001,1536939.98,1529610.028,1527219.972,1519169.997,1499930.021,1453119.977,1460709.978,1432579.994,1444329.985,1438829.982,1416169.981,1394299.991,1397159.994,1438850.01,1443769.968,1402999.979,1430639.964,1424239.994,1389669.973,1429510.018,1466590.033,1481800.004,,
French Polynesia,,,,,,,,,,,,,,,,,,,,,,,,,,,,,,,,,,,,,,,,,,,,,,,,,,,,,,,,,,,,,,
Qatar,,,,,,,,,,,,,,,,,,,,,,,,,,,,,,,2710.000038,3309.999943,3200.000048,4050.000191,4630.000114,4780.00021,5369.999886,7570.000172,7769.999981,8220.000267,9149.999619,8699.999809,8680.000305,9949.999809,10909.99985,10859.99966,11680.00031,12869.99989,14159.99985,14829.99992,17229.99954,19229.99954,20649.99962,21399.99962,20870.00084,20860.00061,21229.99954,21250,21479.99954,21450.00076,,
Romania,,,,,,,,,,,,,,,,,,,,,,,,,,,,,,,30510.00023,27409.99985,24770.00046,22549.99924,22319.99969,21649.99962,21930.00031,21420.00008,20510.00023,20079.99992,19610.00061,18899.99962,18760.00023,19280.00069,19379.99916,19329.99992,19290.00092,19280.00069,19219.99931,18709.99908,18360.00061,16489.99977,17040.00092,17209.99908,17290.00092,17309.99947,17170.00008,17190.00053,16940.00053,16760.00023,,
Russian Federation,,,,,,,,,,,,,,,,,,,,,,,,,,,,,,,693140.0146,663739.9902,629190.0024,603809.9976,577729.9805,555599.9756,540349.9756,514739.9902,512070.0073,516950.0122,523309.9976,532330.0171,539619.9951,572650.0244,574659.9731,589200.0122,586440.0024,593119.9951,592690.0024,573750,596299.9878,604900.0244,601710.022,603580.0171,604070.0073,610559.9976,626080.0171,641590.0269,669869.9951,684299.9878,,
Rwanda,,,,,,,,,,,,,,,,,,,,,,,,,,,,,,,870.0000048,889.9999857,860.0000143,819.9999928,769.9999809,639.9999857,720.0000286,769.9999809,860.0000143,970.0000286,959.9999785,1049.999952,1090.000033,1220.000029,1279.999971,1309.999943,1460.000038,1539.999962,1649.999976,1690.000057,1809.999943,1679.999948,1659.999967,1669.999957,1659.999967,1919.999957,1789.999962,1799.999952,1860.000014,1879.999995,,
South Asia,,,,,,,,,,,,,,,,,,,,,,,,,,,,,,,689810.0029,697150.0214,700869.9931,708329.9798,714700.0183,728130.0188,739479.9939,748909.9761,757559.9662,769529.9762,773520.0206,776399.9718,775450.023,789409.9942,798969.9741,818210.0099,835629.9812,852189.9854,869180.0068,871259.982,880439.9966,894280.034,896739.9815,907430.0162,914629.9926,922700.0118,929740.0173,939979.9977,952260.0034,960800.0208,,
Saudi Arabia,,,,,,,,,,,,,,,,,,,,,,,,,,,,,,,64040.00092,80099.99847,82930.00031,79279.99878,75639.99939,76580.00183,77809.99756,80069.99969,80949.99695,77769.99664,82580.00183,80980.00336,80470.00122,88620.00275,89500,94139.99939,94220.00122,92330.00183,95589.99634,88589.99634,91819.99969,100449.9969,103309.9976,102669.9982,103430.0003,106610.0006,111150.0015,109739.9979,112300.0031,110250,,
Sudan,,,,,,,,,,,,,,,,,,,,,,,,,,,,,,,26860.00061,27739.99977,30270.00046,32500,34529.99878,35369.99893,37000,38610.00061,40979.99954,42819.99969,45700.00076,44009.99832,46209.99908,47340.00015,49060.00137,50810.00137,50069.99969,52250,51799.99924,52590.00015,51159.99985,54779.99878,54580.00183,54869.99893,55040.00092,55549.99924,54919.99817,54779.99878,55159.99985,55380.00107,,
Senegal,,,,,,,,,,,,,,,,,,,,,,,,,,,,,,,6570.000172,6739.999771,6889.999866,7079.999924,7239.999771,7349.999905,7670.000076,7659.999847,7590.000153,8050.000191,8500,8260.000229,7920.000076,7690.000057,8279.999733,8550.000191,8829.999924,8609.999657,8989.999771,9170.000076,9510.000229,9729.999542,9579.999924,9850.000381,9850.000381,10000,10609.99966,10850.00038,10869.99989,11270.00046,,
Singapore,,,,,,,,,,,,,,,,,,,,,,,,,,,,,,,1279.999971,1289.999962,1350.000024,1409.999967,1480.000019,1539.999962,1580.000043,1620.000005,1659.999967,1700.000048,1740.00001,1860.000014,1970.000029,2069.999933,2180.000067,2279.999971,2460.000038,2630.000114,2809.999943,2980.000019,3160.000086,3299.999952,3440.000057,3579.999924,3720.000029,3859.999895,3960.000038,4059.999943,4150.000095,4250,,
Solomon Islands,,,,,,,,,,,,,,,,,,,,,,,,,,,,,,,209.9999934,219.9999988,230.0000042,230.0000042,239.9999946,239.9999946,250,250,259.9999905,270.0000107,270.0000107,280.0000012,280.0000012,289.9999917,300.0000119,310.0000024,310.0000024,319.9999928,330.0000131,340.0000036,340.0000036,349.999994,360.0000143,370.0000048,370.0000048,379.9999952,389.9999857,400.000006,400.000006,409.9999964,,
Sierra Leone,,,,,,,,,,,,,,,,,,,,,,,,,,,,,,,2339.999914,2319.999933,2319.999933,2390.000105,2339.999914,2250,1870.000005,1879.999995,1830.000043,1690.000057,1649.999976,2019.999981,2279.999971,2690.000057,2990.00001,3150.000095,3849.999905,3329.999924,3029.999971,3240.00001,3160.000086,3440.000057,4019.999981,3890.000105,4139.999866,4050.000191,4210.000038,4130.000114,4010.000229,3710.000038,,
El Salvador,,,,,,,,,,,,,,,,,,,,,,,,,,,,,,,3220.000029,3289.999962,3349.999905,3289.999962,3400.000095,3250,3569.999933,3470.000029,3369.999886,3569.999933,3259.99999,3579.999924,3789.999962,3769.999981,3859.999895,3940.000057,4059.999943,4130.000114,4199.999809,4130.000114,4000,3690.000057,3859.999895,3509.99999,3720.000029,3690.000057,3579.999924,3539.999962,3500,3480.000019,,
San Marino,,,,,,,,,,,,,,,,,,,,,,,,,,,,,,,,,,,,,,,,,,,,,,,,,,,,,,,,,,,,,,
Somalia,,,,,,,,,,,,,,,,,,,,,,,,,,,,,,,17069.99969,15170.00008,13880.00011,15140.00034,16340.00015,16770.00046,17139.99939,17479.99954,17540.00092,17739.99977,17920.00008,18280.00069,18510.00023,18649.99962,18850.00038,19129.99916,18290.00092,17600.00038,17610.00061,17629.99916,17739.99977,17870.00084,18090.00015,18159.99985,18280.00069,18350.00038,18299.99924,18200.00076,18190.00053,17979.99954,,
Serbia,,,,,,,,,,,,,,,,,,,,,,,,,,,,,,,15130.00011,14850.00038,13720.00027,13760.00023,13619.99989,13930.00031,14039.99996,14039.99996,14039.99996,13439.99958,12579.99992,12199.99981,12000,11840.00015,11699.99981,11090.00015,11159.99985,11279.99973,11140.00034,10970.00027,10850.00038,10939.99958,11050.00019,11109.99966,11390.00034,11520.00046,11449.99981,11479.99954,11439.99958,11539.99996,,
Sub-Saharan Africa (excluding high income),,,,,,,,,,,,,,,,,,,,,,,,,,,,,,,545699.9967,565690.0004,580790.0011,589290.001,604069.9981,611120.0008,620839.9969,626080.0086,640309.995,635639.9991,642150.0011,644709.9999,661130.0063,690189.9983,705359.9958,732669.9956,730690.0011,755249.9983,774560.0039,771659.9992,804210.0086,816670.0013,805279.9921,812389.9956,824640.0062,840260.0028,858269.9961,867920.0025,879270.0072,891839.996,,
South Sudan,,,,,,,,,,,,,,,,,,,,,,,,,,,,,,,14979.99954,15460.00004,16840.00015,18059.99947,19090.00015,19540.00092,21989.99977,24430.00031,27280.00069,29700.00076,32650.00153,32830.00183,35409.99985,37610.00061,39590.00015,41950.00076,42470.00122,44770.00046,46000,47659.99985,48099.99847,44560.00137,28459.99908,29629.99916,31340.00015,31530.00069,32000,31190.00053,32610.00061,30170.00008,,
Sub-Saharan Africa,,,,,,,,,,,,,,,,,,,,,,,,,,,,,,,545759.9967,565750.0004,580850.0011,589350.001,604129.9981,611180.0008,620899.9969,626150.0086,640379.995,635709.9991,642220.0011,644779.9999,661200.0063,690269.9983,705439.9958,732749.9956,730770.0011,755329.9983,774640.0039,771739.9992,804290.0086,816750.0013,805369.9921,812479.9956,824730.0062,840350.0028,858359.9961,868010.0025,879360.0072,891929.996,,
Small states,,,,,,,,,,,,,,,,,,,,,,,,,,,,,,,60499.99986,62460.00005,63850.00031,63370.00003,63280.00023,63670.00025,64680.00033,66560.00041,66710.00006,66800.00044,67249.9998,70649.99962,70710.00103,73219.9994,76740.00004,79709.9989,83340.00001,84119.99922,90000.00014,87889.99957,97279.99959,102929.9996,99189.9996,96239.99949,96870.00002,95970.00071,94699.99941,95540.00004,93909.99894,93550.00073,,
Sao Tome and Principe,,,,,,,,,,,,,,,,,,,,,,,,,,,,,,,9.999999776,9.999999776,9.999999776,9.999999776,9.999999776,9.999999776,9.999999776,9.999999776,9.999999776,9.999999776,9.999999776,9.999999776,9.999999776,9.999999776,9.999999776,9.999999776,9.999999776,9.999999776,9.999999776,9.999999776,9.999999776,9.999999776,9.999999776,9.999999776,9.999999776,9.999999776,9.999999776,9.999999776,9.999999776,9.999999776,,
Suriname,,,,,,,,,,,,,,,,,,,,,,,,,,,,,,,769.9999809,850.0000238,949.9999881,910.0000262,949.9999881,990.0000095,1009.99999,980.0000191,1000,1029.999971,1009.99999,1049.999952,920.0000167,1000,990.0000095,939.9999976,1000,1029.999971,1110.000014,1269.999981,1299.999952,1340.000033,1330.000043,1350.000024,1389.999986,1379.999995,1399.999976,1389.999986,1360.000014,1419.999957,,
Slovak Republic,,,,,,,,,,,,,,,,,,,,,,,,,,,,,,,7570.000172,7369.999886,6960.000038,6480.000019,6079.999924,5909.999847,5960.000038,5809.999943,5739.999771,5530.00021,5210.000038,5079.999924,5099.999905,5000,4989.999771,4809.999943,4630.000114,4530.00021,4670.000076,4429.999828,4530.00021,4650.000095,4150.000095,4320.000172,4079.999924,4190.000057,4269.999981,4260.000229,4250,4409.999847,,
Slovenia,,,,,,,,,,,,,,,,,,,,,,,,,,,,,,,2440.000057,2400.000095,2119.999886,2150.000095,2119.999886,2130.000114,2170.000076,2130.000114,2109.999895,2029.999971,2160.000086,2259.99999,2190.000057,2230.000019,2160.000086,2170.000076,2099.999905,2079.999924,2039.999962,1929.999948,1929.999948,1909.999967,1860.000014,1820.000052,1740.00001,1779.999971,1809.999943,1789.999962,1740.00001,1730.000019,,
Sweden,,,,,,,,,,,,,,,,,,,,,,,,,,,,,,,8550.000191,8489.999771,8630.000114,8579.999924,8449.999809,8329.999924,8319.999695,8270.000458,8090.000153,7829.999924,7670.000076,7510.000229,7280.00021,7090.000153,7090.000153,6809.999943,6659.999847,6389.999866,6099.999905,5940.000057,5869.999886,5840.000153,5699.999809,5530.00021,5389.999866,5210.000038,5150.000095,5119.999886,4880.000114,4769.999981,,
Eswatini,,,,,,,,,,,,,,,,,,,,,,,,,,,,,,,1169.999957,1210.000038,1240.00001,1120.000005,1149.999976,1179.999948,1210.000038,1240.00001,1259.99999,1259.99999,1289.999962,1230.000019,1269.999981,1330.000043,1340.000033,1360.000014,1289.999962,1299.999952,1269.999981,1230.000019,1240.00001,1250,1259.99999,1259.99999,1269.999981,1259.99999,1259.99999,1279.999971,1289.999962,1330.000043,,
Sint Maarten (Dutch part),,,,,,,,,,,,,,,,,,,,,,,,,,,,,,,,,,,,,,,,,,,,,,,,,,,,,,,,,,,,,,
Seychelles,,,,,,,,,,,,,,,,,,,,,,,,,,,,,,,59.99999866,59.99999866,59.99999866,59.99999866,59.99999866,59.99999866,59.99999866,70.0000003,70.0000003,70.0000003,70.0000003,70.0000003,70.0000003,79.99999821,79.99999821,79.99999821,79.99999821,79.99999821,79.99999821,79.99999821,79.99999821,79.99999821,90.00000358,90.00000358,90.00000358,90.00000358,90.00000358,90.00000358,90.00000358,90.00000358,,
Syrian Arab Republic,,,,,,,,,,,,,,,,,,,,,,,,,,,,,,,28860.00061,33799.99924,38020.00046,40099.99847,41560.00137,43290.00092,42630.00107,43490.00168,44650.00153,44819.99969,44450.00076,43560.00137,44880.00107,44479.99954,37520.00046,36439.99863,35549.99924,34930.00031,34069.99969,35180.00031,36569.99969,34200.00076,24879.99916,18590.00015,17020.00046,16399.99962,15819.99969,17000,15819.99969,17040.00092,,
Turks and Caicos Islands,,,,,,,,,,,,,,,,,,,,,,,,,,,,,,,,,,,,,,,,,,,,,,,,,,,,,,,,,,,,,,
Chad,,,,,,,,,,,,,,,,,,,,,,,,,,,,,,,9069.999695,13319.99969,13890.00034,14500,15119.99989,15810.00042,17430.00031,17920.00008,18520.00046,19709.99908,21309.99947,21600.00038,24680.00031,23159.99985,26260.00023,27600.00038,28350.00038,29649.99962,30620.00084,31430.00031,33200.00076,34919.99817,36639.99939,38319.99969,40060.00137,43720.00122,46279.99878,47770.00046,50720.00122,52720.00122,,
East Asia & Pacific (IDA & IBRD countries),,,,,,,,,,,,,,,,,,,,,,,,,,,,,,,1266110.01,1287290.025,1306860.01,1325519.983,1358770.008,1414659.996,1435750.018,1399510.025,1403100.012,1419709.98,1427960.017,1416340.036,1406780.015,1434330.03,1486810.028,1529239.991,1575779.964,1610659.991,1630189.996,1664320.001,1713560.031,1762049.98,1764600.041,1793560.026,1813290.008,1811369.963,1777309.948,1798479.985,1829709.967,1844670.042,,
Europe & Central Asia (IDA & IBRD countries),,,,,,,,,,,,,,,,,,,,,,,,,,,,,,,1163780.013,1120589.99,1035140.005,1001779.993,948519.9755,914889.9725,891999.9714,849369.9918,835850.0107,844670.0129,860909.9944,865400.0199,882839.9914,921890.0291,929169.9726,946790.0116,949830.0004,962449.9991,971260.011,927209.9984,959629.9955,979770.0241,981250.0189,988150.0195,987800.0076,989489.991,1004740.019,1026280.027,1062239.995,1079309.992,,
Togo,,,,,,,,,,,,,,,,,,,,,,,,,,,,,,,1509.99999,1429.999948,1360.000014,1350.000024,1360.000014,1299.999952,1379.999995,1580.000043,1789.999962,1710.000038,1809.999943,1730.000019,1879.999995,1940.000057,1850.000024,2299.999952,2109.999895,1990.00001,2119.999886,2220.000029,2210.000038,2460.000038,2420.000076,2579.999924,2529.999971,2750,2640.000105,2680.000067,2720.000029,2809.999943,,
Thailand,,,,,,,,,,,,,,,,,,,,,,,,,,,,,,,54770.00046,57139.99939,58090.00015,57970.00122,58290.00092,58580.00183,59659.99985,62990.00168,61569.99969,64250,65389.99939,66620.00275,65639.99939,68739.99786,69110.00061,71000,71419.99817,74870.00275,75690.00244,77260.00214,81190.00244,80150.00153,80949.99695,79690.00244,75180.00031,70879.99725,74129.99725,73980.00336,73739.99786,70190.00244,,
Tajikistan,,,,,,,,,,,,,,,,,,,,,,,,,,,,,,,4989.999771,4889.999866,4380.000114,4099.999905,3630.000114,3380.000114,3119.999886,3079.999924,2900.000095,2789.999962,2799.999952,2859.999895,2880.000114,3029.999971,3119.999886,3309.999943,3470.000029,3589.999914,4039.999962,4280.00021,4329.999924,4480.000019,4739.999771,4909.999847,5019.999981,5230.000019,5460.000038,5539.999962,5579.999924,5659.999847,,
Turkmenistan,,,,,,,,,,,,,,,,,,,,,,,,,,,,,,,64459.99908,63380.00107,43270.00046,50979.99954,37159.99985,37409.99985,36939.99863,27440.00053,27110.00061,34840.00015,47919.99817,48060.00137,49799.99924,56450.00076,60119.99893,61680.00031,61930.00031,64550.00305,68800.00305,48919.99817,53740.00168,67470.00122,71559.99756,77050.00305,76040.00092,77779.99878,75680.00031,75559.99756,78110.00061,80480.00336,,
Latin America & the Caribbean (IDA & IBRD countries),,,,,,,,,,,,,,,,,,,,,,,,,,,,,,,825509.9837,846610.005,860260.0161,876689.9949,893320.0086,914890.0077,920770.0095,943269.9977,954800.0033,950600.0081,968349.988,987739.9919,1007370.001,1033690.005,1070890.001,1089610.008,1093569.993,1098699.996,1105300.012,1097060.002,1114090.003,1118390.013,1138870,1136999.991,1152950.002,1160230.001,1155490.011,1138050.02,1117919.985,1113750.008,,
Timor-Leste,,,,,,,,,,,,,,,,,,,,,,,,,,,,,,,330.0000131,389.9999857,379.9999952,400.000006,449.9999881,469.9999988,490.0000095,479.9999893,500,419.9999869,479.9999893,1509.99999,2380.000114,3259.99999,4019.999981,4980.000019,5329.999924,5619.999886,5980.000019,6269.999981,6570.000172,6449.999809,6369.999886,6179.999828,6070.000172,5989.999771,5750,5460.000038,5210.000038,5010.000229,,
Middle East & North Africa (IDA & IBRD countries),,,,,,,,,,,,,,,,,,,,,,,,,,,,,,,362459.9971,346180.0012,355480.0007,378530.0005,398860.0067,413329.9932,422899.9893,439829.9946,461290.0057,476939.9963,496010.0041,487510.0008,481139.9993,496699.9949,517579.9993,532109.9917,546910.0059,556960.0126,564249.9965,562699.9997,577409.9942,542099.9993,579239.9973,554249.9958,551400.0043,559549.9939,602610.0074,637510.0018,649649.9978,636649.9876,,
Tonga,,,,,,,,,,,,,,,,,,,,,,,,,,,,,,,119.9999973,119.9999973,129.9999952,119.9999973,119.9999973,109.9999994,109.9999994,100.0000015,100.0000015,90.00000358,90.00000358,90.00000358,90.00000358,90.00000358,90.00000358,90.00000358,90.00000358,90.00000358,90.00000358,90.00000358,90.00000358,90.00000358,90.00000358,90.00000358,90.00000358,90.00000358,90.00000358,90.00000358,90.00000358,90.00000358,,
South Asia (IDA & IBRD),,,,,,,,,,,,,,,,,,,,,,,,,,,,,,,689810.0029,697150.0214,700869.9931,708329.9798,714700.0183,728130.0188,739479.9939,748909.9761,757559.9662,769529.9762,773520.0206,776399.9718,775450.023,789409.9942,798969.9741,818210.0099,835629.9812,852189.9854,869180.0068,871259.982,880439.9966,894280.034,896739.9815,907430.0162,914629.9926,922700.0118,929740.0173,939979.9977,952260.0034,960800.0208,,
Sub-Saharan Africa (IDA & IBRD countries),,,,,,,,,,,,,,,,,,,,,,,,,,,,,,,545759.9967,565750.0004,580850.0011,589350.001,604129.9981,611180.0008,620899.9969,626150.0086,640379.995,635709.9991,642220.0011,644779.9999,661200.0063,690269.9983,705439.9958,732749.9956,730770.0011,755329.9983,774640.0039,771739.9992,804290.0086,816750.0013,805369.9921,812479.9956,824730.0062,840350.0028,858359.9961,868010.0025,879360.0072,891929.996,,
Trinidad and Tobago,,,,,,,,,,,,,,,,,,,,,,,,,,,,,,,6639.999866,6650.000095,6460.000038,4750,3250,3009.99999,3400.000095,3299.999952,3410.000086,3779.999971,4179.999828,4480.000019,5000,5969.99979,6300.000191,6829.999924,7750,7929.999828,7920.000076,7940.000057,8159.999847,8119.999886,8149.999619,8180.000305,8109.999657,7650.000095,6820.000172,6849.999905,7019.999981,7010.000229,,
Tunisia,,,,,,,,,,,,,,,,,,,,,,,,,,,,,,,4750,4940.000057,5190.000057,5050.000191,4820.000172,4940.000057,5320.000172,5389.999866,5719.99979,6019.999981,6179.999828,6210.000038,6260.000229,6179.999828,6349.999905,6460.000038,6639.999866,6960.000038,7050.000191,7099.999905,7320.000172,7329.999924,7449.999809,7369.999886,7409.999847,7139.999866,6949.999809,6829.999924,6929.999828,6869.999886,,
Turkiye,,,,,,,,,,,,,,,,,,,,,,,,,,,,,,,38200.00076,37040.00092,37729.99954,37569.99969,37029.99878,36959.99908,36889.99939,37650.00153,37209.99908,38150.00153,38770.00046,37970.00122,37340.00015,37020.00046,37080.00183,38450.00076,39799.99924,42270.00046,42830.00183,42409.99985,42380.00107,43990.00168,45459.99908,44419.99817,46619.99893,42509.99832,44560.00137,44970.00122,47090.00015,48520.00046,,
Tuvalu,,,,,,,,,,,,,,,,,,,,,,,,,,,,,,,9.999999776,9.999999776,9.999999776,9.999999776,9.999999776,9.999999776,9.999999776,9.999999776,9.999999776,9.999999776,9.999999776,9.999999776,9.999999776,9.999999776,9.999999776,9.999999776,9.999999776,9.999999776,9.999999776,9.999999776,9.999999776,9.999999776,9.999999776,9.999999776,9.999999776,9.999999776,9.999999776,9.999999776,9.999999776,9.999999776,,
Tanzania,,,,,,,,,,,,,,,,,,,,,,,,,,,,,,,21860.00061,22010.00023,22000,22440.00053,23069.99969,25250,24030.00069,23850.00038,26209.99908,26969.99931,25860.00061,26569.99969,28969.99931,31420.00008,30770.00046,32479.99954,31299.99924,32360.00061,34090.00015,34389.99939,36389.99939,38009.99832,38529.99878,40340.00015,41159.99985,43009.99832,42880.00107,42110.00061,42569.99969,43639.99939,,
Uganda,,,,,,,,,,,,,,,,,,,,,,,,,,,,,,,7880.000114,8319.999695,8560.00042,8760.000229,8590.000153,9010.000229,9550.000191,10159.99985,10750,10510.00023,10779.99973,11020.00046,11609.99966,12720.00027,12890.00034,13720.00027,13029.99973,14100.00038,18260.00023,18690.00053,19690.00053,19510.00023,20360.00061,20469.99931,20950.00076,21889.99939,22299.99924,22840.00015,23540.00092,23979.99954,,
Ukraine,,,,,,,,,,,,,,,,,,,,,,,,,,,,,,,92309.99756,89500,81610.00061,77949.99695,74309.99756,69949.99695,66069.99969,60250,53880.00107,52250,49889.99939,47369.99893,47619.99893,47380.00107,44909.99985,43509.99832,41779.99878,41509.99832,39610.00061,36590.00015,38060.00137,36840.00015,36349.99847,36779.99878,35299.99924,33360.00061,33130.00107,32959.99908,33150.00153,32680.00031,,
Upper middle income,,,,,,,,,,,,,,,,,,,,,,,,,,,,,,,2612370.014,2567180.017,2514500.012,2517989.971,2518519.997,2545549.964,2528739.996,2471650.018,2492730.02,2510940,2547189.989,2560670.049,2585800.017,2679450.05,2780369.981,2855790.005,2907539.971,2965489.985,3010170.006,2999329.998,3111910.033,3153000.035,3209980.066,3216870.028,3237340.009,3259979.978,3254219.967,3308470.029,3374169.938,3427670.017,,
Uruguay,,,,,,,,,,,,,,,,,,,,,,,,,,,,,,,18110.00061,18950.00076,19909.99985,20590.00015,20770.00046,20659.99985,20950.00076,20690.00053,20239.99977,20440.00053,20079.99992,20059.99947,20790.00092,21309.99947,21879.99916,22040.00092,22790.00092,22319.99969,22819.99969,22409.99985,21370.00084,21620.00084,21059.99947,21190.00053,21520.00046,21530.00069,21649.99962,21329.99992,20920.00008,20739.99977,,
United States,,,,,,,,,,,,,,,,,,,,,,,,,,,,,,,649960.022,651919.9829,654789.978,647770.0195,660090.0269,657869.9951,655479.9805,646690.0024,634419.9829,621900.0244,617289.978,611559.9976,604830.0171,605289.978,604719.9707,606619.9951,607609.9854,612919.9829,621109.9854,610500,627739.9902,632760.0098,643719.9707,646169.9829,669719.9707,670489.9902,652349.9756,668390.0146,709400.0244,744510.0098,,
Uzbekistan,,,,,,,,,,,,,,,,,,,,,,,,,,,,,,,36360.00061,36869.99893,33490.00168,35349.99847,37729.99954,36790.00092,37169.99817,37520.00046,38840.00015,39099.99847,39189.99863,40220.00122,42229.99954,41889.99939,42779.99878,42549.99924,44569.99969,44290.00092,46659.99985,45400.00153,46900.00153,47099.99847,47049.99924,46490.00168,45250,45509.99832,48459.99908,49340.00015,53529.99878,53979.99954,,
St. Vincent and the Grenadines,,,,,,,,,,,,,,,,,,,,,,,,,,,,,,,70.0000003,70.0000003,70.0000003,70.0000003,70.0000003,70.0000003,70.0000003,70.0000003,70.0000003,70.0000003,70.0000003,70.0000003,70.0000003,70.0000003,70.0000003,70.0000003,70.0000003,70.0000003,70.0000003,70.0000003,70.0000003,70.0000003,70.0000003,70.0000003,70.0000003,70.0000003,70.0000003,70.0000003,70.0000003,70.0000003,,
"Venezuela, RB",,,,,,,,,,,,,,,,,,,,,,,,,,,,,,,132039.9933,142720.0012,143570.0073,148669.9982,153199.9969,166210.0067,180880.0049,192149.9939,195869.9951,182919.9982,189770.0043,189929.9927,180830.0018,172699.9969,185380.0049,190630.0049,189389.9994,188179.9927,190389.9994,179759.9945,175899.9939,177419.9982,191339.9963,193750,192119.9951,185860.0006,176070.0073,157080.0018,138169.9982,119239.9979,,
British Virgin Islands,,,,,,,,,,,,,,,,,,,,,,,,,,,,,,,,,,,,,,,,,,,,,,,,,,,,,,,,,,,,,,
Virgin Islands (U.S.),,,,,,,,,,,,,,,,,,,,,,,,,,,,,,,,,,,,,,,,,,,,,,,,,,,,,,,,,,,,,,
Vietnam,,,,,,,,,,,,,,,,,,,,,,,,,,,,,,,43189.99863,45119.99893,46590.00015,47849.99847,48119.99893,51049.99924,53860.00061,55979.99954,59069.99969,62209.99908,63959.99908,64360.00061,66209.99908,68150.00153,72400.00153,75120.00275,77589.99634,78919.99817,79449.99695,81500,82379.99725,83190.00244,83430.00031,84319.99969,84410.00366,83529.99878,81440.00244,81099.99847,81230.00336,80480.00336,,
Vanuatu,,,,,,,,,,,,,,,,,,,,,,,,,,,,,,,319.9999928,330.0000131,340.0000036,360.0000143,370.0000048,370.0000048,370.0000048,379.9999952,379.9999952,379.9999952,370.0000048,360.0000143,360.0000143,370.0000048,379.9999952,389.9999857,400.000006,449.9999881,460.0000083,439.9999976,449.9999881,460.0000083,469.9999988,469.9999988,479.9999893,490.0000095,490.0000095,500,500,509.9999905,,
World,,,,,,,,,,,,,,,,,,,,,,,,,,,,,,,6517150.033,6535280.031,6515270.003,6547249.971,6598430.058,6676149.984,6706509.954,6675079.995,6704179.97,6738359.998,6819169.998,6822820.021,6839240.058,6958240.03,7114869.949,7237340.004,7339199.933,7436429.968,7502250.003,7454479.967,7620180.02,7743640.059,7810950.001,7802430.02,7885149.984,7926669.955,7948159.975,8065920.053,8189629.99,8242600.047,,
Samoa,,,,,,,,,,,,,,,,,,,,,,,,,,,,,,,209.9999934,209.9999934,200.000003,209.9999934,239.9999946,239.9999946,239.9999946,239.9999946,239.9999946,239.9999946,239.9999946,259.9999905,259.9999905,259.9999905,259.9999905,259.9999905,259.9999905,259.9999905,259.9999905,259.9999905,270.0000107,280.0000012,280.0000012,280.0000012,289.9999917,300.0000119,310.0000024,300.0000119,310.0000024,310.0000024,,
Kosovo,,,,,,,,,,,,,,,,,,,,,,,,,,,,,,,,,,,,,,,,,,,,,,,,,,,,,,,,,,,,,,
"Yemen, Rep.",,,,,,,,,,,,,,,,,,,,,,,,,,,,,,,8890.000343,8899.999619,8750,10659.99985,14729.99954,14659.99985,15029.99973,15829.99992,16209.99908,17340.00015,19319.99969,19420.00008,19469.99931,20219.99931,19590.00015,20469.99931,20809.99947,19940.00053,18709.99908,19440.00053,23049.99924,22329.99992,19799.99924,22360.00061,20950.00076,12260.00023,9350.000381,10140.00034,10619.99989,10609.99966,,
South Africa,,,,,,,,,,,,,,,,,,,,,,,,,,,,,,,63189.99863,64120.00275,63750,65739.99786,66739.99786,67300.00305,66900.00153,68260.00214,68059.99756,66860.00061,65519.99664,63639.99939,66300.00305,68919.99817,70339.99634,72059.99756,72110.00061,74199.99695,76110.00061,76489.99786,77260.00214,77260.00214,79209.99908,79029.99878,79919.99817,79160.00366,78739.99786,80110.00061,79839.99634,80129.99725,,
Zambia,,,,,,,,,,,,,,,,,,,,,,,,,,,,,,,12029.99973,12189.99958,12270.00046,12180.00031,12060.00042,11979.99954,11250,11500,12479.99954,11930.00031,11539.99996,11829.99992,12800.00019,13840.00015,13840.00015,14460.00004,13430.00031,13710.00004,13819.99969,13329.99992,14409.99985,13869.99989,15460.00004,15729.99954,15590.00015,15819.99969,15640.00034,15020.00046,15250,15619.99989,,
Zimbabwe,,,,,,,,,,,,,,,,,,,,,,,,,,,,,,,9609.999657,8720.000267,9329.999924,7800.000191,8470.000267,8869.999886,10340.00015,10449.99981,11140.00034,11670.00008,11649.99962,11840.00015,11109.99966,10970.00027,11189.99958,11199.99981,10949.99981,11229.99954,11369.99989,11829.99992,12270.00046,12640.00034,12460.00004,12340.00015,11369.99989,12260.00023,11869.99989,12060.00042,12340.00015,12550.00019,,
